{"loss": [0.004368875175714493, 0.005676811095327139, 0.004278046078979969, 0.00357008702121675, 0.0028313971124589443, 0.0022175046615302563, 0.0017167769838124514, 0.001257660100236535, 0.0009734316263347864, 0.0008134869858622551, 0.00056352379033342, 0.0007415889413096011, 0.0007677162648178637, 0.0005064408760517836, 0.0005004020058549941, 0.00037192803574725986, 0.0003744560235645622, 0.000434487039456144, 0.0003198667545802891, 0.00025653804186731577, 0.00033466576132923365, 0.000269990909146145, 0.0002660788595676422, 0.00022448277741204947, 0.0002636162971612066, 0.00020963200950063765, 0.0002678832388482988, 0.00019097364565823227, 0.00018385575094725937, 0.00021030929929111153, 0.00014942020061425865, 0.00015467438788618892, 0.00014080395339988172, 0.0001507464039605111, 0.00013436985318548977, 8.556867396691814e-05, 0.00010339209256926551, 8.83888642420061e-05, 0.00011496640945551917, 0.0001672528451308608, 0.00023971014888957143, 0.00010051941353594884, 7.940371142467484e-05, 9.863379818852991e-05, 6.875413237139583e-05, 7.11237225914374e-05, 8.082936255959794e-05, 8.05012823548168e-05, 5.802695523016155e-05, 6.744293932570145e-05, 8.269292447948828e-05, 7.828561501810327e-05, 7.762432505842298e-05, 6.35224423604086e-05, 8.791629079496488e-05, 4.781203460879624e-05, 4.509997597779147e-05, 4.289741991669871e-05, 5.211265306570567e-05, 4.9154867156175897e-05, 4.52208514616359e-05, 5.037423761677928e-05, 3.741979526239447e-05, 0.00014818363706581295, 0.00011476843064883724, 5.83884866500739e-05, 4.7996749344747514e-05, 5.056430381955579e-05, 5.365393735701218e-05, 4.15135727962479e-05, 5.847895590704866e-05, 4.169844032730907e-05, 3.594909139792435e-05, 4.620701656676829e-05, 3.60243720933795e-05, 4.141881436225958e-05, 3.699701119330712e-05, 3.864400423481129e-05, 6.966316141188145e-05, 3.6282486689742655e-05, 3.513340561767109e-05, 2.7156875148648396e-05, 2.735383532126434e-05, 3.675006882986054e-05, 2.9414457458187826e-05, 3.1579485948896036e-05, 5.736748789786361e-05, 2.9664766771020368e-05, 3.267369538662024e-05, 3.5292221582494676e-05, 2.4357175789191388e-05, 2.4244745873147622e-05, 3.356427259859629e-05, 2.9065799026284367e-05, 2.29253746510949e-05, 3.2390631531598046e-05, 3.2203774026129395e-05, 2.5027862648130395e-05, 0.00010642703273333609, 3.58462639269419e-05, 3.762992128031328e-05], "eloss": [0.0011988745536655188, 0.0033129521179944277, 0.0022705052979290485, 0.001495514763519168, 0.0011413013562560081, 0.0011610196670517325, 0.001045749057084322, 0.0006974181742407382, 0.0005359416245482862, 0.0004375125572551042, 0.0002588580537121743, 0.00039966756594367325, 0.0003916131390724331, 0.00024514502729289234, 0.0002493064384907484, 0.00017091046902351081, 0.00017239051521755755, 0.00021090582595206797, 0.0001247824402526021, 9.459718421567231e-05, 0.0001554868504172191, 0.00010680040577426553, 0.00011514234938658774, 8.588580385548994e-05, 0.00012067118950653821, 7.55769870011136e-05, 0.00012157292803749442, 6.18982594460249e-05, 5.805373075418174e-05, 9.029754437506199e-05, 4.980375524610281e-05, 6.154092989163473e-05, 5.517467070603743e-05, 6.173506699269637e-05, 5.6910990679170936e-05, 2.7454008886707015e-05, 3.984145951108076e-05, 3.2340158213628456e-05, 5.046349178883247e-05, 0.00010382982873125002, 0.00012623910151887685, 3.944402851630002e-05, 3.056324931094423e-05, 4.2163897887803614e-05, 2.326063440705184e-05, 2.4346833015442826e-05, 3.214407479390502e-05, 2.9818735129083507e-05, 1.6403324480052106e-05, 2.4752647732384503e-05, 3.457108323345892e-05, 2.7649664843920618e-05, 2.912358831963502e-05, 2.041303741862066e-05, 3.78043987439014e-05, 1.3032759852649178e-05, 1.208154844789533e-05, 1.2690590665442869e-05, 1.743823304423131e-05, 1.7043710613506846e-05, 1.3633465641760267e-05, 1.6592908650636673e-05, 9.326322469860315e-06, 9.196269093081355e-05, 6.658428173977882e-05, 1.8450178686180152e-05, 1.59090031957021e-05, 1.9302009604871273e-05, 1.9463439457467757e-05, 1.2943563888256904e-05, 2.3192131266114302e-05, 1.3895921256334987e-05, 7.96399763203226e-06, 1.6449881513835862e-05, 8.805987818050198e-06, 1.3594726624432951e-05, 9.569619578542188e-06, 1.2419189260981511e-05, 3.761641346500255e-05, 1.1490919860079885e-05, 9.65446906775469e-06, 5.81749782213592e-06, 5.902409156988142e-06, 1.2309872545301914e-05, 6.660975486738607e-06, 8.393499228986911e-06, 2.7106581910629757e-05, 7.810612260072958e-06, 9.511409189144615e-06, 1.1882802937179804e-05, 4.90101547256927e-06, 5.339340987120522e-06, 9.442204827792011e-06, 7.884646038291976e-06, 4.861670277023222e-06, 1.0483126970939338e-05, 1.0169041161134373e-05, 5.053699169366155e-06, 6.716931966366246e-05, 1.1193144928256515e-05, 1.4806037142989226e-05], "siamloss": [3.1699976921081543, 2.3638594150543213, 2.007537603378296, 2.074571132659912, 1.6900957822799683, 1.0564844608306885, 0.6710279583930969, 0.5602424144744873, 0.43748971819877625, 0.3759746551513672, 0.30466538667678833, 0.3419214189052582, 0.37610286474227905, 0.26129603385925293, 0.25109565258026123, 0.20101764798164368, 0.20206542313098907, 0.2235811948776245, 0.1950843632221222, 0.16194075345993042, 0.17917922139167786, 0.16319052875041962, 0.15093646943569183, 0.1385970115661621, 0.1429450660943985, 0.13405507802963257, 0.14631029963493347, 0.12907524406909943, 0.12580199539661407, 0.12001173198223114, 0.0996164083480835, 0.09313347935676575, 0.08562924712896347, 0.08901117742061615, 0.0774589329957962, 0.05811470374464989, 0.06355070322751999, 0.05604870617389679, 0.06450293213129044, 0.06342300027608871, 0.11347069591283798, 0.06107538938522339, 0.04884050413966179, 0.05646982416510582, 0.045493513345718384, 0.04677692800760269, 0.04868534952402115, 0.05068260058760643, 0.041623640805482864, 0.04269023612141609, 0.048121847212314606, 0.050635918974876404, 0.04850080981850624, 0.04310943931341171, 0.05011188983917236, 0.034779299050569534, 0.033018432557582855, 0.03020683489739895, 0.03467439487576485, 0.03211117908358574, 0.03158743679523468, 0.03378137946128845, 0.028093475848436356, 0.05622104927897453, 0.04818420857191086, 0.03993832692503929, 0.03208775445818901, 0.031262271106243134, 0.034190479665994644, 0.02857000194489956, 0.03528675436973572, 0.027802536264061928, 0.02798510529100895, 0.029757162556052208, 0.027218390256166458, 0.027824055403470993, 0.027427421882748604, 0.02622482366859913, 0.03204672411084175, 0.024791564792394638, 0.025478936731815338, 0.021339360624551773, 0.021451415494084358, 0.02444019541144371, 0.022753501310944557, 0.023185981437563896, 0.030260901898145676, 0.021854158490896225, 0.023162255063652992, 0.023409403860569, 0.01945614628493786, 0.018905404955148697, 0.02412204071879387, 0.021181177347898483, 0.018063697963953018, 0.021907536312937737, 0.022034715861082077, 0.01997416280210018, 0.03925767540931702, 0.024653134867548943, 0.02282390370965004]}