{"opt": [0.6755244755244755, 0.9034965034965035, 0.9146853146853147, 0.9664335664335665, 0.9594405594405594, 0.9608391608391609, 1.0, 0.9944055944055944, 0.9804195804195804, 1.0, 1.0, 1.0, 1.0, 1.0, 1.0, 1.0, 1.0, 1.0, 1.0, 1.0, 1.0, 1.0, 1.0, 1.0, 1.0, 1.0, 1.0, 1.0, 1.0, 1.0, 1.0, 1.0, 1.0, 0.9986013986013986, 1.0, 0.9902097902097902, 0.986013986013986, 0.9972027972027973, 0.9944055944055944, 0.9944055944055944, 0.9986013986013986, 0.9972027972027973, 0.9944055944055944, 0.9916083916083916, 0.9944055944055944, 0.9832167832167832, 0.986013986013986, 0.9818181818181818, 0.9846153846153847, 0.9888111888111888, 0.986013986013986, 0.9846153846153847, 0.9832167832167832, 0.9818181818181818, 0.9846153846153847, 0.9804195804195804, 0.9790209790209791, 0.9944055944055944, 0.9762237762237762, 0.9818181818181818, 0.9874125874125874, 0.9916083916083916, 0.993006993006993, 0.9902097902097902, 0.9762237762237762, 0.9916083916083916, 0.993006993006993, 0.9958041958041958, 0.9888111888111888, 0.9944055944055944, 0.993006993006993, 0.993006993006993, 0.993006993006993, 0.9902097902097902, 0.9944055944055944, 0.9944055944055944, 0.9944055944055944, 0.9944055944055944, 0.9888111888111888, 0.9846153846153847, 0.993006993006993, 0.9902097902097902, 0.993006993006993, 0.9916083916083916, 0.9958041958041958, 0.993006993006993, 0.9958041958041958, 0.9944055944055944, 0.9916083916083916, 0.993006993006993, 0.993006993006993, 0.9874125874125874, 0.9944055944055944, 0.9944055944055944, 0.9944055944055944, 0.9944055944055944, 0.9902097902097902, 0.9916083916083916, 0.9958041958041958, 0.9972027972027973, 0.9958041958041958], "subopt": [0.17482517482517482, 0.06293706293706294, 0.08251748251748252, 0.015384615384615385, 0.03776223776223776, 0.033566433566433566, 0.0, 0.005594405594405594, 0.008391608391608392, 0.0, 0.0, 0.0, 0.0, 0.0, 0.0, 0.0, 0.0, 0.0, 0.0, 0.0, 0.0, 0.0, 0.0, 0.0, 0.0, 0.0, 0.0, 0.0, 0.0, 0.0, 0.0, 0.0, 0.0, 0.0013986013986013986, 0.0, 0.009790209790209791, 0.013986013986013986, 0.002797202797202797, 0.005594405594405594, 0.0, 0.0013986013986013986, 0.002797202797202797, 0.005594405594405594, 0.008391608391608392, 0.005594405594405594, 0.016783216783216783, 0.009790209790209791, 0.015384615384615385, 0.015384615384615385, 0.011188811188811189, 0.013986013986013986, 0.015384615384615385, 0.016783216783216783, 0.01818181818181818, 0.015384615384615385, 0.019580419580419582, 0.01818181818181818, 0.005594405594405594, 0.022377622377622378, 0.016783216783216783, 0.012587412587412588, 0.008391608391608392, 0.006993006993006993, 0.009790209790209791, 0.013986013986013986, 0.008391608391608392, 0.005594405594405594, 0.004195804195804196, 0.011188811188811189, 0.005594405594405594, 0.005594405594405594, 0.005594405594405594, 0.005594405594405594, 0.008391608391608392, 0.005594405594405594, 0.005594405594405594, 0.005594405594405594, 0.005594405594405594, 0.011188811188811189, 0.015384615384615385, 0.006993006993006993, 0.009790209790209791, 0.006993006993006993, 0.008391608391608392, 0.004195804195804196, 0.006993006993006993, 0.004195804195804196, 0.005594405594405594, 0.008391608391608392, 0.006993006993006993, 0.006993006993006993, 0.012587412587412588, 0.004195804195804196, 0.005594405594405594, 0.005594405594405594, 0.005594405594405594, 0.009790209790209791, 0.008391608391608392, 0.004195804195804196, 0.002797202797202797, 0.004195804195804196], "wrong": [0.14965034965034965, 0.033566433566433566, 0.002797202797202797, 0.01818181818181818, 0.002797202797202797, 0.005594405594405594, 0.0, 0.0, 0.011188811188811189, 0.0, 0.0, 0.0, 0.0, 0.0, 0.0, 0.0, 0.0, 0.0, 0.0, 0.0, 0.0, 0.0, 0.0, 0.0, 0.0, 0.0, 0.0, 0.0, 0.0, 0.0, 0.0, 0.0, 0.0, 0.0, 0.0, 0.0, 0.0, 0.0, 0.0, 0.005594405594405594, 0.0, 0.0, 0.0, 0.0, 0.0, 0.0, 0.004195804195804196, 0.002797202797202797, 0.0, 0.0, 0.0, 0.0, 0.0, 0.0, 0.0, 0.0, 0.002797202797202797, 0.0, 0.0013986013986013986, 0.0013986013986013986, 0.0, 0.0, 0.0, 0.0, 0.009790209790209791, 0.0, 0.0013986013986013986, 0.0, 0.0, 0.0, 0.0013986013986013986, 0.0013986013986013986, 0.0013986013986013986, 0.0013986013986013986, 0.0, 0.0, 0.0, 0.0, 0.0, 0.0, 0.0, 0.0, 0.0, 0.0, 0.0, 0.0, 0.0, 0.0, 0.0, 0.0, 0.0, 0.0, 0.0013986013986013986, 0.0, 0.0, 0.0, 0.0, 0.0, 0.0, 0.0, 0.0]}