{"opt": [0.2965034965034965, 0.7944055944055944, 0.8909090909090909, 0.9104895104895104, 0.8783216783216783, 0.9314685314685315, 0.9146853146853147, 0.9328671328671329, 0.9300699300699301, 0.9244755244755245, 0.9622377622377623, 0.8839160839160839, 0.9188811188811189, 0.8937062937062937, 0.8671328671328671, 0.8755244755244755, 0.8643356643356643, 0.9104895104895104, 0.9062937062937063, 0.8951048951048951, 0.8965034965034965, 0.8965034965034965, 0.8909090909090909, 0.8909090909090909, 0.8923076923076924, 0.9118881118881119, 0.8965034965034965, 0.8195804195804196], "subopt": [0.34685314685314683, 0.12307692307692308, 0.07972027972027972, 0.033566433566433566, 0.08671328671328671, 0.043356643356643354, 0.03776223776223776, 0.03496503496503497, 0.057342657342657345, 0.016783216783216783, 0.0, 0.07692307692307693, 0.044755244755244755, 0.07272727272727272, 0.09230769230769231, 0.033566433566433566, 0.05314685314685315, 0.02097902097902098, 0.032167832167832165, 0.026573426573426574, 0.0, 0.03636363636363636, 0.006993006993006993, 0.023776223776223775, 0.026573426573426574, 0.027972027972027972, 0.04055944055944056, 0.09230769230769231], "wrong": [0.35664335664335667, 0.08251748251748252, 0.02937062937062937, 0.055944055944055944, 0.03496503496503497, 0.025174825174825177, 0.04755244755244755, 0.032167832167832165, 0.012587412587412588, 0.05874125874125874, 0.03776223776223776, 0.039160839160839164, 0.03636363636363636, 0.033566433566433566, 0.04055944055944056, 0.09090909090909091, 0.08251748251748252, 0.06853146853146853, 0.06153846153846154, 0.07832167832167833, 0.1034965034965035, 0.06713286713286713, 0.1020979020979021, 0.08531468531468532, 0.08111888111888112, 0.06013986013986014, 0.06293706293706294, 0.08811188811188811]}