{"loss": [0.011242168955504894, 0.03144317492842674, 0.0038507634308189154, 0.0035117994993925095, 0.002598069841042161, 0.002638861071318388, 0.0010700611164793372, 0.0007835017167963088, 0.0004494411696214229, 0.0013769392389804125, 0.00036271745921112597, 0.0003021223528776318, 0.0021087867207825184, 0.0028377568814903498, 0.0006816907553002238, 0.00036412852932699025, 0.0003537713782861829, 0.00030521475127898157, 0.0002662530750967562, 0.00028717154054902494, 0.0008302564965561032, 0.00020356173627078533, 0.00015974201960489154, 0.00014405664114747196, 0.00017119545373134315, 0.00017768819816410542, 0.0001477034529671073, 0.00016106714610941708, 0.0001527633867226541, 0.0001121150708058849, 0.00012419585254974663, 0.00011726712546078488, 8.796455222181976e-05, 8.534655353287235e-05, 9.058557043317705e-05, 8.17389736766927e-05, 7.043569348752499e-05, 8.048273593885824e-05, 6.113291601650417e-05, 9.566670632921159e-05, 8.658672595629469e-05, 4.2893745558103547e-05, 5.118592162034474e-05, 8.168783824658021e-05, 3.39740545314271e-05, 7.059792551444843e-05, 4.07509614888113e-05, 3.5265416954644024e-05, 4.445220474735834e-05, 3.0473729566438124e-05, 5.198629150982015e-05, 6.577280146302655e-05, 2.8958533221157268e-05, 4.570750388666056e-05, 3.388490222278051e-05, 3.599288538680412e-05, 2.9180529963923618e-05, 4.180347968940623e-05, 2.4734843464102596e-05, 4.179890675004572e-05, 2.670306639629416e-05, 3.815644595306367e-05, 2.3509339371230453e-05, 3.531472975737415e-05, 2.8212558390805498e-05, 3.784829459618777e-05, 2.539977322157938e-05, 1.9698933101608418e-05, 2.2053824068279937e-05, 2.5301906134700403e-05, 2.1227770048426464e-05, 2.058259087789338e-05, 4.330541196395643e-05, 3.250034569646232e-05, 2.254162791359704e-05, 2.1901976651861332e-05, 1.9934783267672174e-05, 2.612492062326055e-05, 3.1880303140496835e-05, 1.925461219798308e-05, 1.8124570487998426e-05, 4.087308479938656e-05, 2.1368936359067447e-05, 2.086186759697739e-05, 1.847913154051639e-05, 1.9893799617420882e-05, 1.8729057046584785e-05, 1.7320708138868213e-05, 1.9033957869396545e-05, 2.334841701667756e-05, 1.93403957382543e-05, 2.1427236788440496e-05, 3.771678893826902e-05, 2.141883669537492e-05, 1.7170874343719333e-05, 3.266585918026976e-05, 1.6634194253128953e-05, 2.4764582121861167e-05, 1.9852112018270418e-05, 1.81621599040227e-05, 1.6711492207832634e-05], "eloss": [0.008703561499714851, 0.0293912161141634, 0.0014003311516717076, 0.0014139156555756927, 0.0014348813565447927, 0.0015762955881655216, 0.0007372903637588024, 0.0005454241181723773, 0.00028320634737610817, 0.0010034932056441903, 0.0001910850260173902, 0.00015608349349349737, 0.0010556729976087809, 0.0013316392432898283, 0.0004055788740515709, 0.00019850650278385729, 0.00019035210425499827, 0.00015841564163565636, 0.00013456984015647322, 0.00015174585860222578, 0.0006010134820826352, 7.859888864913955e-05, 5.4394455219153315e-05, 5.013539339415729e-05, 7.75923763285391e-05, 8.276783773908392e-05, 6.172173743834719e-05, 7.266506145242602e-05, 6.253882747841999e-05, 3.8707057683495805e-05, 5.441936446004547e-05, 5.107987817609683e-05, 3.1842289899941534e-05, 3.196716352249496e-05, 3.721800385392271e-05, 3.2503263355465606e-05, 2.8420765374903567e-05, 3.403292066650465e-05, 2.304531699337531e-05, 4.512027953751385e-05, 4.062200605403632e-05, 1.1196929335710593e-05, 2.1126548745087348e-05, 4.024583176942542e-05, 8.778088158578612e-06, 3.3001997508108616e-05, 1.5123804587346967e-05, 1.1943690878979396e-05, 1.8491948139853776e-05, 8.855549822328612e-06, 2.413128095213324e-05, 2.9716218705289066e-05, 7.89375917520374e-06, 1.6718842744012363e-05, 1.0576154636510182e-05, 1.3483214388543274e-05, 8.455219358438626e-06, 1.767577305145096e-05, 6.8215399551263545e-06, 1.64335870067589e-05, 6.842350558144972e-06, 1.2579844224092085e-05, 5.966398020973429e-06, 1.2409266673785169e-05, 8.203083780244924e-06, 1.3891193702875171e-05, 6.345406745822402e-06, 4.0584709495306015e-06, 5.606379090750124e-06, 8.013143087737262e-06, 4.857172825722955e-06, 4.390999947645469e-06, 1.6037796740420163e-05, 1.2565576071210671e-05, 5.90809213463217e-06, 5.970181973680155e-06, 5.1465235628711525e-06, 9.280947779188864e-06, 1.1207858733541798e-05, 4.404698302096222e-06, 3.397954742467846e-06, 1.7037302313838154e-05, 5.235467142483685e-06, 5.239554866420804e-06, 3.517246568662813e-06, 5.205051820666995e-06, 3.4276422411494423e-06, 3.6287144666857785e-06, 4.543369868770242e-06, 6.333174496830907e-06, 4.838584118260769e-06, 5.988732482364867e-06, 1.6166593923117034e-05, 4.216960860503605e-06, 4.010445536550833e-06, 1.2673711353272665e-05, 2.4785399546090048e-06, 9.144985597231425e-06, 5.690094894816866e-06, 4.25481221100199e-06, 3.390694018889917e-06], "siamloss": [2.5386159420013428, 2.0519769191741943, 2.450429916381836, 2.0978827476501465, 1.1631877422332764, 1.0625653266906738, 0.33277103304862976, 0.23807761073112488, 0.16623467206954956, 0.37344539165496826, 0.17163243889808655, 0.14603924751281738, 1.053112506866455, 1.5061185359954834, 0.27611157298088074, 0.16562218964099884, 0.16341954469680786, 0.1467992663383484, 0.13168326020240784, 0.13542580604553223, 0.22924275696277618, 0.12496285885572433, 0.10534756630659103, 0.09392115473747253, 0.09360306710004807, 0.09492044150829315, 0.08598177880048752, 0.08840208500623703, 0.09022462368011475, 0.07340792566537857, 0.06977652758359909, 0.0661873072385788, 0.0561223067343235, 0.05337939038872719, 0.05336751788854599, 0.049235694110393524, 0.042014919221401215, 0.04644981399178505, 0.03808761388063431, 0.05054650455713272, 0.045964643359184265, 0.03169684484601021, 0.030059361830353737, 0.0414419062435627, 0.025195974856615067, 0.0375959537923336, 0.02562715671956539, 0.023321712389588356, 0.025960274040699005, 0.021618159487843513, 0.027855031192302704, 0.03605661913752556, 0.021064771339297295, 0.0289886686950922, 0.02330872416496277, 0.022509664297103882, 0.02072533220052719, 0.024127701297402382, 0.017913300544023514, 0.025365376845002174, 0.019860731437802315, 0.025576580315828323, 0.01754295639693737, 0.022905467078089714, 0.020009484142065048, 0.023957105353474617, 0.019054368138313293, 0.01564045622944832, 0.016447436064481735, 0.017288781702518463, 0.01637060008943081, 0.01619158312678337, 0.0272675808519125, 0.019934751093387604, 0.016633542254567146, 0.015931788831949234, 0.01478826254606247, 0.01684396341443062, 0.020672423765063286, 0.01484991516917944, 0.01472662016749382, 0.023835791274905205, 0.016133476048707962, 0.015622311271727085, 0.014961881563067436, 0.014688760042190552, 0.015301414765417576, 0.0136919766664505, 0.014490591362118721, 0.017015241086483, 0.014501788653433323, 0.015438508242368698, 0.021550199016928673, 0.017201891168951988, 0.01316042710095644, 0.019992150366306305, 0.014155644923448563, 0.015619608573615551, 0.014161982573568821, 0.013907349668443203, 0.013320805504918098]}