{"opt": [0.36083916083916084, 0.8223776223776224, 0.9776223776223776, 0.9706293706293706, 0.9818181818181818, 0.9972027972027973, 0.986013986013986, 1.0, 0.9958041958041958, 0.9818181818181818, 0.993006993006993, 0.9734265734265735, 0.9314685314685315, 0.986013986013986, 0.9986013986013986, 0.9944055944055944, 0.9986013986013986, 0.9972027972027973, 0.993006993006993, 0.986013986013986, 0.9902097902097902, 0.9818181818181818, 0.972027972027972, 0.9734265734265735, 0.9734265734265735, 0.9748251748251748, 0.9734265734265735, 0.9748251748251748, 0.958041958041958, 0.958041958041958, 0.9608391608391609, 0.9594405594405594, 0.9608391608391609, 0.958041958041958, 0.958041958041958, 0.9538461538461539, 0.951048951048951, 0.9538461538461539, 0.9552447552447553, 0.9468531468531468, 0.9524475524475524, 0.9524475524475524, 0.9552447552447553, 0.9482517482517483, 0.9524475524475524, 0.9552447552447553, 0.9594405594405594, 0.958041958041958, 0.9496503496503497, 0.958041958041958, 0.9622377622377623, 0.9566433566433566, 0.9538461538461539, 0.9636363636363636, 0.9594405594405594, 0.9538461538461539, 0.958041958041958, 0.9594405594405594, 0.9566433566433566, 0.9538461538461539, 0.9566433566433566, 0.9594405594405594, 0.9552447552447553, 0.9496503496503497, 0.958041958041958, 0.958041958041958, 0.9594405594405594, 0.9538461538461539, 0.9608391608391609, 0.9552447552447553, 0.9538461538461539, 0.9566433566433566, 0.9552447552447553, 0.9608391608391609, 0.9552447552447553, 0.958041958041958, 0.9566433566433566, 0.9622377622377623, 0.9552447552447553, 0.958041958041958, 0.9552447552447553, 0.9566433566433566, 0.9552447552447553, 0.9552447552447553, 0.9566433566433566, 0.9552447552447553, 0.9552447552447553, 0.9552447552447553, 0.9566433566433566, 0.9566433566433566, 0.9552447552447553, 0.9566433566433566, 0.9566433566433566, 0.9552447552447553, 0.958041958041958, 0.9552447552447553, 0.9566433566433566, 0.9566433566433566, 0.9552447552447553, 0.9552447552447553, 0.9552447552447553], "subopt": [0.3006993006993007, 0.14685314685314685, 0.01818181818181818, 0.02937062937062937, 0.011188811188811189, 0.002797202797202797, 0.013986013986013986, 0.0, 0.004195804195804196, 0.01818181818181818, 0.005594405594405594, 0.006993006993006993, 0.06013986013986014, 0.009790209790209791, 0.0013986013986013986, 0.005594405594405594, 0.0013986013986013986, 0.0, 0.006993006993006993, 0.011188811188811189, 0.009790209790209791, 0.009790209790209791, 0.016783216783216783, 0.015384615384615385, 0.016783216783216783, 0.011188811188811189, 0.015384615384615385, 0.022377622377622378, 0.013986013986013986, 0.015384615384615385, 0.011188811188811189, 0.016783216783216783, 0.011188811188811189, 0.012587412587412588, 0.008391608391608392, 0.011188811188811189, 0.015384615384615385, 0.011188811188811189, 0.009790209790209791, 0.015384615384615385, 0.015384615384615385, 0.011188811188811189, 0.009790209790209791, 0.015384615384615385, 0.012587412587412588, 0.008391608391608392, 0.004195804195804196, 0.006993006993006993, 0.015384615384615385, 0.006993006993006993, 0.004195804195804196, 0.012587412587412588, 0.009790209790209791, 0.005594405594405594, 0.005594405594405594, 0.009790209790209791, 0.006993006993006993, 0.006993006993006993, 0.008391608391608392, 0.015384615384615385, 0.011188811188811189, 0.006993006993006993, 0.009790209790209791, 0.015384615384615385, 0.012587412587412588, 0.009790209790209791, 0.008391608391608392, 0.013986013986013986, 0.008391608391608392, 0.013986013986013986, 0.012587412587412588, 0.009790209790209791, 0.011188811188811189, 0.006993006993006993, 0.012587412587412588, 0.009790209790209791, 0.009790209790209791, 0.019580419580419582, 0.012587412587412588, 0.011188811188811189, 0.011188811188811189, 0.012587412587412588, 0.009790209790209791, 0.011188811188811189, 0.008391608391608392, 0.009790209790209791, 0.008391608391608392, 0.008391608391608392, 0.006993006993006993, 0.008391608391608392, 0.011188811188811189, 0.008391608391608392, 0.009790209790209791, 0.009790209790209791, 0.008391608391608392, 0.008391608391608392, 0.009790209790209791, 0.009790209790209791, 0.009790209790209791, 0.011188811188811189, 0.008391608391608392], "wrong": [0.3384615384615385, 0.03076923076923077, 0.004195804195804196, 0.0, 0.006993006993006993, 0.0, 0.0, 0.0, 0.0, 0.0, 0.0013986013986013986, 0.019580419580419582, 0.008391608391608392, 0.004195804195804196, 0.0, 0.0, 0.0, 0.002797202797202797, 0.0, 0.002797202797202797, 0.0, 0.008391608391608392, 0.011188811188811189, 0.011188811188811189, 0.009790209790209791, 0.013986013986013986, 0.011188811188811189, 0.002797202797202797, 0.027972027972027972, 0.026573426573426574, 0.027972027972027972, 0.023776223776223775, 0.027972027972027972, 0.02937062937062937, 0.033566433566433566, 0.03496503496503497, 0.033566433566433566, 0.03496503496503497, 0.03496503496503497, 0.03776223776223776, 0.032167832167832165, 0.03636363636363636, 0.03496503496503497, 0.03636363636363636, 0.03496503496503497, 0.03636363636363636, 0.03636363636363636, 0.03496503496503497, 0.03496503496503497, 0.03496503496503497, 0.033566433566433566, 0.03076923076923077, 0.03636363636363636, 0.03076923076923077, 0.03496503496503497, 0.03636363636363636, 0.03496503496503497, 0.033566433566433566, 0.03496503496503497, 0.03076923076923077, 0.032167832167832165, 0.033566433566433566, 0.03496503496503497, 0.03496503496503497, 0.02937062937062937, 0.032167832167832165, 0.032167832167832165, 0.032167832167832165, 0.03076923076923077, 0.03076923076923077, 0.033566433566433566, 0.033566433566433566, 0.033566433566433566, 0.032167832167832165, 0.032167832167832165, 0.032167832167832165, 0.033566433566433566, 0.01818181818181818, 0.032167832167832165, 0.03076923076923077, 0.033566433566433566, 0.03076923076923077, 0.03496503496503497, 0.033566433566433566, 0.03496503496503497, 0.03496503496503497, 0.03636363636363636, 0.03636363636363636, 0.03636363636363636, 0.03496503496503497, 0.033566433566433566, 0.03496503496503497, 0.033566433566433566, 0.03496503496503497, 0.033566433566433566, 0.03636363636363636, 0.033566433566433566, 0.033566433566433566, 0.03496503496503497, 0.033566433566433566, 0.03636363636363636]}