{"loss": [0.010244250297546387, 0.0293398667126894, 0.004058795049786568, 0.002684180159121752, 0.0023604456800967455, 0.00097228231607005, 0.0012351800687611103, 0.0007608814630657434, 0.0008354858728125691, 0.0005844947881996632, 0.00048233973211608827, 0.002606191672384739, 0.0009987829253077507, 0.0004659442638512701, 0.00043657125206664205, 0.00030816125217825174, 0.0002735010057222098, 0.00030884204898029566, 0.00025780079886317253, 0.00021788987214677036, 0.0004006641684100032, 0.0002087257889797911, 0.00014823761011939496, 0.00013495709572453052, 0.00016176428471226245, 0.000290059921098873, 0.00011618337885010988, 0.00011739301407942548, 0.00010630486940499395, 0.00017205317271873355, 0.0002453363558743149, 9.899916767608374e-05, 9.213303565047681e-05, 0.00019065052038058639, 8.380467625102028e-05, 7.943296077428386e-05, 6.874414975754917e-05, 5.506966408574954e-05, 6.137507443781942e-05, 8.156520925695077e-05, 6.279610533965752e-05, 4.685211752075702e-05, 7.3272327426821e-05, 6.231402221601456e-05, 7.965071563376114e-05, 4.9685488193063065e-05, 5.4377367632696405e-05, 4.718901982414536e-05, 0.00011229550727875903, 5.436043284134939e-05, 3.262697282480076e-05, 4.852920392295346e-05, 4.2414838389959186e-05, 3.50503578374628e-05, 3.064148404519074e-05, 4.183124838164076e-05, 3.484853368718177e-05, 3.4908433008240536e-05, 4.333800825406797e-05, 3.191264841007069e-05, 5.520022023119964e-05, 3.673976971185766e-05, 2.644558480824344e-05, 2.6329924367018975e-05, 2.6744695787783712e-05, 6.674970063613728e-05, 3.341129922773689e-05, 2.5841440219664946e-05, 2.314582343387883e-05, 2.701990342757199e-05, 3.3771666494430974e-05, 3.487836875137873e-05, 2.8842145184171386e-05, 3.438583735260181e-05, 2.54416954703629e-05, 2.4774415578576736e-05, 4.5790769945597276e-05, 2.451849650242366e-05, 2.558039705036208e-05, 2.527468495827634e-05, 2.839095213857945e-05, 2.4856948584783822e-05, 2.6128089302801527e-05, 2.1632822608808056e-05, 3.54752701241523e-05, 2.7775744456448592e-05, 1.901929863379337e-05, 3.380587440915406e-05, 3.821933569270186e-05, 3.111435944447294e-05, 1.9121367586194538e-05, 1.9115404938929714e-05, 1.9911320123355836e-05, 4.527315832092427e-05, 1.94545864360407e-05, 2.1997408111928962e-05, 1.8433102013659663e-05, 2.172629137930926e-05, 1.9976536350441165e-05, 1.9028033420909196e-05, 2.0150469936197624e-05], "eloss": [0.007693259511142969, 0.02766716666519642, 0.0020656862761825323, 0.0014933678321540356, 0.0014807929983362556, 0.0005231679533608258, 0.0008117409888654947, 0.00043929190724156797, 0.000559949257876724, 0.00033749156864359975, 0.0002767588593997061, 0.0016198315424844623, 0.00042671331902965903, 0.00020127288007643074, 0.00022488812101073563, 0.0001394487189827487, 0.00012209582200739533, 0.0001533831818960607, 0.0001054198291967623, 8.542051364202052e-05, 0.00022947345860302448, 7.268638728419319e-05, 4.049864219268784e-05, 3.881187876686454e-05, 6.22826482867822e-05, 0.00014738607569597661, 2.7777452487498522e-05, 3.7477759178727865e-05, 3.4126369428122416e-05, 9.045565820997581e-05, 0.0001236895623151213, 2.881172622437589e-05, 3.1400082662003115e-05, 9.593783033778891e-05, 2.3092254195944406e-05, 2.7071984732174315e-05, 2.0759445760631934e-05, 1.582345248607453e-05, 1.9624205378931947e-05, 3.1235627830028534e-05, 2.0314451830927283e-05, 1.4506986190099269e-05, 2.7968020731350407e-05, 2.3681561287958175e-05, 3.190801362507045e-05, 1.6990332369459793e-05, 1.9421844626776874e-05, 1.626365519769024e-05, 5.2738287195097655e-05, 1.7253851183340885e-05, 8.542612704331987e-06, 1.9379462173674256e-05, 1.2588226127263624e-05, 1.0059216037916485e-05, 7.962534255057108e-06, 1.4127038411970716e-05, 9.421646609553136e-06, 9.677905836724676e-06, 1.5137151422095485e-05, 8.141330908983946e-06, 2.2741172870155424e-05, 1.1548358088475652e-05, 5.098020665172953e-06, 5.845704890816705e-06, 6.201726591825718e-06, 3.0011553462827578e-05, 8.430222806055099e-06, 5.7105207815766335e-06, 4.6788186409685295e-06, 5.88399188927724e-06, 1.0362557077314705e-05, 1.0294082130712923e-05, 7.5423849921207875e-06, 1.021315620164387e-05, 6.661446150246775e-06, 5.13720124217798e-06, 1.7279469830100425e-05, 4.931341663905187e-06, 5.734747901442461e-06, 6.12715939496411e-06, 7.868598004279193e-06, 6.1395944612741005e-06, 5.868729658686789e-06, 3.651590532172122e-06, 1.2021687325614039e-05, 6.317194674920756e-06, 3.0746641641599126e-06, 1.1851656381622888e-05, 1.3538201528717764e-05, 1.0630045835569035e-05, 3.491774123176583e-06, 3.751713393285172e-06, 3.7741660889878403e-06, 2.0124978618696332e-05, 3.1186359592538793e-06, 4.633040134649491e-06, 3.200790160917677e-06, 4.612235898093786e-06, 3.6755361634277506e-06, 3.6137510051048594e-06, 3.7436823276948417e-06], "siamloss": [2.5509963035583496, 1.6726980209350586, 1.993112325668335, 1.1908130645751953, 0.879651665687561, 0.4491145610809326, 0.42343804240226746, 0.32158932089805603, 0.27553653717041016, 0.24700358510017395, 0.20558077096939087, 0.9863578081130981, 0.5720702409744263, 0.26467132568359375, 0.2116829752922058, 0.16871261596679688, 0.15140500664710999, 0.15545868873596191, 0.15238109230995178, 0.13246944546699524, 0.1711905151605606, 0.1360393762588501, 0.1077389270067215, 0.09614518284797668, 0.09948154538869858, 0.14267373085021973, 0.08840594440698624, 0.07991522550582886, 0.07217846065759659, 0.0815974771976471, 0.12164673954248428, 0.07018739730119705, 0.06073292717337608, 0.09471260756254196, 0.06071237474679947, 0.052360981702804565, 0.047984715551137924, 0.039246171712875366, 0.041750892996788025, 0.0503295473754406, 0.042481694370508194, 0.03234511613845825, 0.0453043170273304, 0.03863247483968735, 0.047742754220962524, 0.03269512206315994, 0.03495551645755768, 0.030925367027521133, 0.059557199478149414, 0.037106625735759735, 0.024084363132715225, 0.029149772599339485, 0.029826637357473373, 0.024991150945425034, 0.022678956389427185, 0.027704225853085518, 0.025426901876926422, 0.025230536237359047, 0.028200840577483177, 0.02377130649983883, 0.03245905786752701, 0.025191398337483406, 0.021347565576434135, 0.020484216511249542, 0.02054295875132084, 0.03673815727233887, 0.024981064721941948, 0.020130924880504608, 0.018466994166374207, 0.02113591507077217, 0.023409126326441765, 0.024584278464317322, 0.02129974588751793, 0.02417268231511116, 0.018780240789055824, 0.019637223333120346, 0.028511300683021545, 0.019587157294154167, 0.019845664501190186, 0.019147532060742378, 0.0205223448574543, 0.018717335537075996, 0.020259380340576172, 0.017981234937906265, 0.023453587666153908, 0.021458549425005913, 0.01594463363289833, 0.021954214200377464, 0.024681122973561287, 0.020484333857893944, 0.015629597008228302, 0.015363696031272411, 0.016137149184942245, 0.025148196145892143, 0.016335951164364815, 0.0173643846064806, 0.01523230317980051, 0.01711405999958515, 0.016300980001688004, 0.015414288267493248, 0.016406787559390068]}