{"opt": [0.27692307692307694, 0.9048951048951049, 0.9874125874125874, 0.9552447552447553, 1.0, 1.0, 1.0, 0.9874125874125874, 1.0, 1.0, 1.0, 0.9524475524475524, 1.0, 1.0, 1.0, 1.0, 1.0, 1.0, 1.0, 1.0, 1.0, 1.0, 1.0, 1.0, 0.993006993006993, 1.0, 1.0, 1.0, 1.0, 1.0, 1.0, 0.9986013986013986, 0.9986013986013986, 1.0, 1.0, 1.0, 0.9944055944055944, 0.9958041958041958, 1.0, 1.0, 1.0, 0.9986013986013986, 1.0, 1.0, 0.9972027972027973, 1.0, 1.0, 1.0, 1.0, 0.9944055944055944, 0.9944055944055944, 0.9972027972027973, 0.9846153846153847, 0.9888111888111888, 0.986013986013986, 0.9916083916083916, 0.9832167832167832, 0.9846153846153847, 1.0, 0.9916083916083916, 0.9916083916083916, 0.9888111888111888, 0.9944055944055944, 0.9944055944055944, 0.9818181818181818, 0.9944055944055944, 0.9902097902097902, 0.9916083916083916, 0.9874125874125874, 0.9846153846153847, 0.9874125874125874, 0.9888111888111888, 0.9916083916083916, 0.993006993006993, 0.9888111888111888, 0.9874125874125874, 0.9986013986013986, 0.9902097902097902, 0.9874125874125874, 0.9874125874125874, 0.986013986013986, 0.9944055944055944, 0.9916083916083916, 0.9902097902097902, 0.9888111888111888, 0.9944055944055944, 0.9916083916083916, 0.9804195804195804, 0.9846153846153847, 0.9874125874125874, 0.9846153846153847, 0.9832167832167832, 0.9874125874125874, 0.986013986013986, 0.9832167832167832, 0.9832167832167832, 0.986013986013986, 0.986013986013986, 0.9846153846153847, 0.9832167832167832, 0.986013986013986], "subopt": [0.3734265734265734, 0.04195804195804196, 0.012587412587412588, 0.044755244755244755, 0.0, 0.0, 0.0, 0.012587412587412588, 0.0, 0.0, 0.0, 0.04755244755244755, 0.0, 0.0, 0.0, 0.0, 0.0, 0.0, 0.0, 0.0, 0.0, 0.0, 0.0, 0.0, 0.006993006993006993, 0.0, 0.0, 0.0, 0.0, 0.0, 0.0, 0.0013986013986013986, 0.0013986013986013986, 0.0, 0.0, 0.0, 0.005594405594405594, 0.004195804195804196, 0.0, 0.0, 0.0, 0.0013986013986013986, 0.0, 0.0, 0.002797202797202797, 0.0, 0.0, 0.0, 0.0, 0.005594405594405594, 0.005594405594405594, 0.002797202797202797, 0.015384615384615385, 0.011188811188811189, 0.013986013986013986, 0.008391608391608392, 0.015384615384615385, 0.015384615384615385, 0.0, 0.008391608391608392, 0.008391608391608392, 0.011188811188811189, 0.005594405594405594, 0.005594405594405594, 0.01818181818181818, 0.002797202797202797, 0.009790209790209791, 0.008391608391608392, 0.012587412587412588, 0.013986013986013986, 0.012587412587412588, 0.011188811188811189, 0.008391608391608392, 0.006993006993006993, 0.011188811188811189, 0.012587412587412588, 0.0013986013986013986, 0.008391608391608392, 0.012587412587412588, 0.012587412587412588, 0.013986013986013986, 0.005594405594405594, 0.008391608391608392, 0.009790209790209791, 0.011188811188811189, 0.005594405594405594, 0.008391608391608392, 0.004195804195804196, 0.015384615384615385, 0.012587412587412588, 0.015384615384615385, 0.016783216783216783, 0.012587412587412588, 0.013986013986013986, 0.016783216783216783, 0.016783216783216783, 0.013986013986013986, 0.013986013986013986, 0.015384615384615385, 0.011188811188811189, 0.013986013986013986], "wrong": [0.34965034965034963, 0.05314685314685315, 0.0, 0.0, 0.0, 0.0, 0.0, 0.0, 0.0, 0.0, 0.0, 0.0, 0.0, 0.0, 0.0, 0.0, 0.0, 0.0, 0.0, 0.0, 0.0, 0.0, 0.0, 0.0, 0.0, 0.0, 0.0, 0.0, 0.0, 0.0, 0.0, 0.0, 0.0, 0.0, 0.0, 0.0, 0.0, 0.0, 0.0, 0.0, 0.0, 0.0, 0.0, 0.0, 0.0, 0.0, 0.0, 0.0, 0.0, 0.0, 0.0, 0.0, 0.0, 0.0, 0.0, 0.0, 0.0013986013986013986, 0.0, 0.0, 0.0, 0.0, 0.0, 0.0, 0.0, 0.0, 0.002797202797202797, 0.0, 0.0, 0.0, 0.0013986013986013986, 0.0, 0.0, 0.0, 0.0, 0.0, 0.0, 0.0, 0.0013986013986013986, 0.0, 0.0, 0.0, 0.0, 0.0, 0.0, 0.0, 0.0, 0.0, 0.015384615384615385, 0.0, 0.0, 0.0, 0.0, 0.0, 0.0, 0.0, 0.0, 0.0, 0.0, 0.0, 0.005594405594405594, 0.0]}