{"opt": [0.3804195804195804, 0.4111888111888112, 0.7104895104895105, 0.8475524475524475, 0.813986013986014, 0.7818181818181819, 0.8671328671328671, 0.8853146853146853, 0.9230769230769231, 0.9062937062937063, 0.8881118881118881, 0.9132867132867133, 0.9090909090909091, 0.8853146853146853, 0.9356643356643357, 0.9244755244755245, 0.9034965034965035, 0.9006993006993007, 0.9538461538461539, 0.9398601398601398, 0.9566433566433566, 0.9552447552447553, 0.958041958041958, 0.9846153846153847, 0.9678321678321679, 0.9594405594405594, 0.9496503496503497, 0.9748251748251748, 0.9482517482517483, 0.9090909090909091, 0.9636363636363636, 0.9804195804195804, 0.9636363636363636, 0.9804195804195804, 0.9846153846153847, 0.9538461538461539, 0.9482517482517483, 0.9818181818181818, 0.9706293706293706, 0.9552447552447553, 0.9832167832167832, 0.9748251748251748, 0.9566433566433566, 0.9776223776223776, 0.965034965034965, 0.965034965034965, 0.9776223776223776, 0.9566433566433566, 0.9818181818181818, 0.9748251748251748, 0.958041958041958, 0.9692307692307692, 0.9776223776223776, 0.9804195804195804, 0.9594405594405594, 0.9594405594405594, 0.9734265734265735, 0.9538461538461539, 0.9734265734265735, 0.9678321678321679, 0.9636363636363636, 0.9776223776223776, 0.9524475524475524, 0.9552447552447553, 0.9776223776223776, 0.965034965034965, 0.965034965034965, 0.9748251748251748, 0.9412587412587412, 0.9692307692307692, 0.9636363636363636, 0.958041958041958, 0.9594405594405594, 0.9594405594405594, 0.9846153846153847, 0.9636363636363636, 0.9692307692307692, 0.9734265734265735, 0.9454545454545454, 0.9482517482517483, 0.965034965034965, 0.9594405594405594, 0.9594405594405594, 0.9202797202797203, 0.958041958041958, 0.9622377622377623, 0.951048951048951, 0.9678321678321679, 0.9622377622377623, 0.9846153846153847, 0.9790209790209791, 0.9622377622377623, 0.9804195804195804, 0.9818181818181818, 0.9706293706293706, 0.9664335664335665, 0.9804195804195804, 0.972027972027972, 0.9706293706293706, 0.9524475524475524, 0.9692307692307692], "subopt": [0.3132867132867133, 0.3776223776223776, 0.17202797202797201, 0.08811188811188811, 0.12027972027972028, 0.14545454545454545, 0.12027972027972028, 0.1034965034965035, 0.06153846153846154, 0.07552447552447553, 0.07272727272727272, 0.06013986013986014, 0.07972027972027972, 0.08671328671328671, 0.06153846153846154, 0.06713286713286713, 0.09090909090909091, 0.08951048951048951, 0.032167832167832165, 0.046153846153846156, 0.03776223776223776, 0.03076923076923077, 0.03636363636363636, 0.011188811188811189, 0.027972027972027972, 0.026573426573426574, 0.04055944055944056, 0.023776223776223775, 0.046153846153846156, 0.05314685314685315, 0.03496503496503497, 0.011188811188811189, 0.033566433566433566, 0.019580419580419582, 0.015384615384615385, 0.04055944055944056, 0.039160839160839164, 0.011188811188811189, 0.02097902097902098, 0.044755244755244755, 0.011188811188811189, 0.016783216783216783, 0.03076923076923077, 0.01818181818181818, 0.022377622377622378, 0.02937062937062937, 0.016783216783216783, 0.03776223776223776, 0.013986013986013986, 0.019580419580419582, 0.027972027972027972, 0.012587412587412588, 0.013986013986013986, 0.004195804195804196, 0.022377622377622378, 0.02937062937062937, 0.015384615384615385, 0.033566433566433566, 0.012587412587412588, 0.026573426573426574, 0.027972027972027972, 0.005594405594405594, 0.025174825174825177, 0.033566433566433566, 0.01818181818181818, 0.033566433566433566, 0.015384615384615385, 0.011188811188811189, 0.03496503496503497, 0.013986013986013986, 0.01818181818181818, 0.023776223776223775, 0.02097902097902098, 0.019580419580419582, 0.011188811188811189, 0.02937062937062937, 0.026573426573426574, 0.022377622377622378, 0.04755244755244755, 0.03636363636363636, 0.023776223776223775, 0.023776223776223775, 0.02097902097902098, 0.04895104895104895, 0.023776223776223775, 0.015384615384615385, 0.025174825174825177, 0.015384615384615385, 0.027972027972027972, 0.006993006993006993, 0.012587412587412588, 0.019580419580419582, 0.006993006993006993, 0.012587412587412588, 0.019580419580419582, 0.02937062937062937, 0.009790209790209791, 0.019580419580419582, 0.023776223776223775, 0.02937062937062937, 0.015384615384615385], "wrong": [0.3062937062937063, 0.2111888111888112, 0.11748251748251748, 0.06433566433566433, 0.06573426573426573, 0.07272727272727272, 0.012587412587412588, 0.011188811188811189, 0.015384615384615385, 0.01818181818181818, 0.039160839160839164, 0.026573426573426574, 0.011188811188811189, 0.027972027972027972, 0.002797202797202797, 0.008391608391608392, 0.005594405594405594, 0.009790209790209791, 0.013986013986013986, 0.013986013986013986, 0.005594405594405594, 0.013986013986013986, 0.005594405594405594, 0.004195804195804196, 0.004195804195804196, 0.013986013986013986, 0.009790209790209791, 0.0013986013986013986, 0.005594405594405594, 0.03776223776223776, 0.0013986013986013986, 0.008391608391608392, 0.002797202797202797, 0.0, 0.0, 0.005594405594405594, 0.012587412587412588, 0.006993006993006993, 0.008391608391608392, 0.0, 0.005594405594405594, 0.008391608391608392, 0.012587412587412588, 0.004195804195804196, 0.012587412587412588, 0.005594405594405594, 0.005594405594405594, 0.005594405594405594, 0.004195804195804196, 0.005594405594405594, 0.013986013986013986, 0.01818181818181818, 0.008391608391608392, 0.015384615384615385, 0.01818181818181818, 0.011188811188811189, 0.011188811188811189, 0.012587412587412588, 0.013986013986013986, 0.005594405594405594, 0.008391608391608392, 0.016783216783216783, 0.022377622377622378, 0.011188811188811189, 0.004195804195804196, 0.0013986013986013986, 0.019580419580419582, 0.013986013986013986, 0.023776223776223775, 0.016783216783216783, 0.01818181818181818, 0.01818181818181818, 0.019580419580419582, 0.02097902097902098, 0.004195804195804196, 0.006993006993006993, 0.004195804195804196, 0.004195804195804196, 0.006993006993006993, 0.015384615384615385, 0.011188811188811189, 0.016783216783216783, 0.019580419580419582, 0.03076923076923077, 0.01818181818181818, 0.022377622377622378, 0.023776223776223775, 0.016783216783216783, 0.009790209790209791, 0.008391608391608392, 0.008391608391608392, 0.01818181818181818, 0.012587412587412588, 0.005594405594405594, 0.009790209790209791, 0.004195804195804196, 0.009790209790209791, 0.008391608391608392, 0.005594405594405594, 0.01818181818181818, 0.015384615384615385]}