{"loss": [0.01301877573132515, 0.028957737609744072, 0.0035146998707205057, 0.002869045827537775, 0.0016170649323612452, 0.000771727180108428, 0.001065068761818111, 0.000804996641818434, 0.0006016440456733108, 0.0003556024457793683, 0.0005549787892960012, 0.0003866621700581163, 0.0030236118473112583, 0.002684330800548196, 0.0012062075547873974, 0.0005312334978953004, 0.0005761494394391775, 0.00047889529378153384, 0.000376279087504372, 0.0004631014307960868, 0.00029874383471906185, 0.0016029789112508297, 0.0003915656416211277, 0.0002586394839454442, 0.00023508149024564773, 0.00024308454885613173, 0.00024124498304445297, 0.00017761907656677067, 0.0002563124580774456, 0.00041809046524576843, 0.00018967021605931222, 0.00014802120858803391, 0.0001787356595741585, 0.00013781840971205384, 0.000167830366990529, 0.00013910690904594958, 0.00012859678827226162, 0.00013023502833675593, 0.00010341744200559333, 0.00011687742517096922, 0.00027229098486714065, 0.00018945979536511004, 9.046655031852424e-05, 8.953115320764482e-05, 8.623898611404002e-05, 0.00016179020167328417, 0.0001231700152857229, 6.535711145261303e-05, 6.579222826985642e-05, 7.624092540936545e-05, 6.100018435972743e-05, 5.2753210184164345e-05, 6.830654456280172e-05, 7.448954420397058e-05, 5.390937440097332e-05, 6.828474579378963e-05, 7.048411498544738e-05, 6.678006320726126e-05, 4.6111526899039745e-05, 4.918593549518846e-05, 5.351263826014474e-05, 3.590184132917784e-05, 4.597520819515921e-05, 3.9638514863327146e-05, 0.00012891284131910652, 7.302794983843341e-05, 3.37422861775849e-05, 3.0120849260129035e-05, 3.209968053852208e-05, 3.620053030317649e-05, 3.201510480721481e-05, 5.425199560704641e-05, 2.8997386834817007e-05, 3.0932122172089294e-05, 3.796133751166053e-05, 2.9316197469597682e-05, 3.634198219515383e-05, 3.6947090848116204e-05, 2.8061516786692664e-05, 2.828323340509087e-05, 3.439901047386229e-05, 3.424708484089933e-05, 5.488193710334599e-05, 5.3640647820429876e-05, 3.1199288059724495e-05, 3.199946877430193e-05, 2.459910319885239e-05, 4.005933806183748e-05, 2.563082307460718e-05, 4.727559644379653e-05, 4.608153903973289e-05, 2.6691095627029426e-05, 2.375910298724193e-05, 3.0503115340252407e-05, 2.4859893528628163e-05, 2.915834920713678e-05, 2.960341407742817e-05, 2.5835022825049236e-05, 2.597723141661845e-05, 2.345872053410858e-05, 2.7685848181135952e-05], "eloss": [0.010735085234045982, 0.027155360206961632, 0.0015470301732420921, 0.001640933332964778, 0.0010581508977338672, 0.0005479567917063832, 0.0007779604638926685, 0.0005518856341950595, 0.0004173589404672384, 0.0002042273263214156, 0.00037922512274235487, 0.00021835834195371717, 0.0018509908113628626, 0.0009065212798304856, 0.0007236702367663383, 0.00027096219127997756, 0.00033280032221227884, 0.00027838387177325785, 0.0001962820824701339, 0.00027791131287813187, 0.00014471288886852562, 0.0011079673422500491, 0.0001960377994691953, 0.0001053141531883739, 9.302811668021604e-05, 0.00010676983220037073, 0.00011603194434428588, 6.62330276099965e-05, 0.00014048074081074446, 0.00024361377290915698, 7.354505214607343e-05, 4.8739155317889526e-05, 7.750256190774962e-05, 4.980880476068705e-05, 7.101413211785257e-05, 5.462013723445125e-05, 5.187746501178481e-05, 5.353558299248107e-05, 3.879504947690293e-05, 5.1537797844503075e-05, 0.0001540359080536291, 0.0001005980302579701, 3.131643097731285e-05, 3.5808770917356014e-05, 3.500527236610651e-05, 0.00010370458767283708, 5.26610019733198e-05, 2.1938800273346715e-05, 2.5170405933749862e-05, 3.305761856609024e-05, 2.3613380108145066e-05, 1.9614284610725008e-05, 3.1178336939774454e-05, 3.565257429727353e-05, 2.0337789464974776e-05, 3.331944753881544e-05, 3.4205491829197854e-05, 2.8663071134360507e-05, 1.7436665075365454e-05, 2.0016899725305848e-05, 2.1983270926284604e-05, 1.1667109902191442e-05, 1.790557143976912e-05, 1.322706611972535e-05, 8.370463183382526e-05, 3.9333845052169636e-05, 1.0648338502505794e-05, 8.045672075240873e-06, 8.980267921288032e-06, 1.316972429776797e-05, 9.867533663054928e-06, 2.3899858206277713e-05, 8.151323527272325e-06, 8.924498615670018e-06, 1.3357743227970786e-05, 8.602628440712579e-06, 1.406548653903883e-05, 1.3333164133655373e-05, 7.198135335784173e-06, 8.564757081330754e-06, 1.1836742487503216e-05, 1.1550279850780498e-05, 2.785410288197454e-05, 2.0125860828557052e-05, 9.651358595874626e-06, 1.1464150702522602e-05, 6.140478035376873e-06, 1.607458762009628e-05, 7.287949756573653e-06, 2.256359948660247e-05, 1.9689676264533773e-05, 7.64684136811411e-06, 6.45797126708203e-06, 9.905789738695603e-06, 6.752208719262853e-06, 9.618223884899635e-06, 9.431873877474573e-06, 7.717580047028605e-06, 7.124684998416342e-06, 5.797897756565362e-06, 8.437293217866682e-06], "siamloss": [2.283682346343994, 1.8023781776428223, 1.96766996383667, 1.2281137704849243, 0.558914303779602, 0.2237703949213028, 0.28710857033729553, 0.253111332654953, 0.1842847764492035, 0.1513751596212387, 0.17575368285179138, 0.16830386221408844, 1.1726189851760864, 1.7778079509735107, 0.482538640499115, 0.2602713108062744, 0.24334914982318878, 0.20051178336143494, 0.17999717593193054, 0.18519023060798645, 0.15403081476688385, 0.49501100182533264, 0.1955278366804123, 0.15332543849945068, 0.1420535445213318, 0.13631486892700195, 0.12521310150623322, 0.11138607561588287, 0.11583168804645538, 0.1744772344827652, 0.1161252111196518, 0.09928200393915176, 0.10123316943645477, 0.0880095511674881, 0.0968163013458252, 0.08448675274848938, 0.07671927660703659, 0.07669948786497116, 0.06462238729000092, 0.0653396025300026, 0.11825506389141083, 0.08886176347732544, 0.05915013700723648, 0.053722281008958817, 0.05123371630907059, 0.05808565393090248, 0.07050909101963043, 0.04341825842857361, 0.040621768683195114, 0.04318331554532051, 0.03738681599497795, 0.03313889726996422, 0.03712821751832962, 0.0388370119035244, 0.03357163444161415, 0.034965310245752335, 0.03627871721982956, 0.03811701014637947, 0.028674844652414322, 0.029169002547860146, 0.03152938559651375, 0.024234699085354805, 0.02806962840259075, 0.026411471888422966, 0.04520820826292038, 0.03369411453604698, 0.0230939369648695, 0.02207518182694912, 0.023119406774640083, 0.023030778393149376, 0.02214757725596428, 0.03035207837820053, 0.020846053957939148, 0.02200765162706375, 0.024603592231869698, 0.020713578909635544, 0.02227647602558136, 0.023613955825567245, 0.020863385871052742, 0.019718443974852562, 0.02256224863231182, 0.022696780040860176, 0.02702787145972252, 0.033514805138111115, 0.021547913551330566, 0.0205352995544672, 0.018458634614944458, 0.0239847544580698, 0.018342873081564903, 0.02471199259161949, 0.02639184519648552, 0.019044235348701477, 0.017301129177212715, 0.020597325637936592, 0.018107688054442406, 0.019540105015039444, 0.020171526819467545, 0.018117446452379227, 0.01885254867374897, 0.01766081526875496, 0.01924855075776577]}