{"opt": [0.2853146853146853, 0.9020979020979021, 0.9328671328671329, 0.9286713286713286, 1.0, 0.9972027972027973, 0.9972027972027973, 1.0, 1.0, 1.0, 1.0, 1.0, 0.9258741258741259, 0.9916083916083916, 0.9972027972027973, 0.9916083916083916, 0.9888111888111888, 0.9888111888111888, 0.9916083916083916, 0.9552447552447553, 0.9790209790209791, 0.9916083916083916, 0.9944055944055944, 0.9944055944055944, 0.9972027972027973, 0.9972027972027973, 0.9944055944055944, 0.9916083916083916, 0.9986013986013986, 0.9958041958041958, 0.993006993006993, 0.9846153846153847, 0.9944055944055944, 0.9888111888111888, 0.9888111888111888, 0.9958041958041958, 0.9888111888111888, 0.9888111888111888, 0.9874125874125874, 0.9902097902097902, 0.9888111888111888, 0.9958041958041958, 0.9902097902097902, 0.9846153846153847, 0.986013986013986, 0.9608391608391609, 0.9874125874125874, 0.986013986013986, 0.9832167832167832, 0.986013986013986, 0.986013986013986, 0.9818181818181818, 0.9832167832167832, 0.9874125874125874, 0.9818181818181818, 0.9804195804195804, 0.9846153846153847, 0.9832167832167832, 0.9832167832167832, 0.9818181818181818, 0.9818181818181818, 0.9804195804195804, 0.9874125874125874, 0.9804195804195804, 0.9916083916083916, 0.9874125874125874, 0.9846153846153847, 0.9818181818181818, 0.9818181818181818, 0.9846153846153847, 0.9846153846153847, 0.986013986013986, 0.9818181818181818, 0.9832167832167832, 0.9818181818181818, 0.9804195804195804, 0.9832167832167832, 0.9818181818181818, 0.9832167832167832, 0.9832167832167832, 0.9832167832167832, 0.9818181818181818, 0.9832167832167832, 0.9818181818181818, 0.9818181818181818, 0.9818181818181818, 0.9818181818181818, 0.9846153846153847, 0.986013986013986, 0.9832167832167832, 0.9804195804195804, 0.9804195804195804, 0.9818181818181818, 0.9832167832167832, 0.9818181818181818, 0.9832167832167832, 0.9818181818181818, 0.9818181818181818, 0.9818181818181818, 0.9804195804195804, 0.9818181818181818], "subopt": [0.31608391608391606, 0.03636363636363636, 0.03496503496503497, 0.06993006993006994, 0.0, 0.002797202797202797, 0.002797202797202797, 0.0, 0.0, 0.0, 0.0, 0.0, 0.057342657342657345, 0.0, 0.0013986013986013986, 0.0, 0.011188811188811189, 0.008391608391608392, 0.005594405594405594, 0.027972027972027972, 0.0013986013986013986, 0.002797202797202797, 0.0013986013986013986, 0.005594405594405594, 0.002797202797202797, 0.002797202797202797, 0.004195804195804196, 0.006993006993006993, 0.0, 0.004195804195804196, 0.006993006993006993, 0.015384615384615385, 0.0013986013986013986, 0.008391608391608392, 0.008391608391608392, 0.004195804195804196, 0.0013986013986013986, 0.006993006993006993, 0.005594405594405594, 0.002797202797202797, 0.004195804195804196, 0.002797202797202797, 0.002797202797202797, 0.004195804195804196, 0.002797202797202797, 0.039160839160839164, 0.004195804195804196, 0.005594405594405594, 0.008391608391608392, 0.006993006993006993, 0.002797202797202797, 0.006993006993006993, 0.008391608391608392, 0.006993006993006993, 0.011188811188811189, 0.011188811188811189, 0.006993006993006993, 0.006993006993006993, 0.006993006993006993, 0.008391608391608392, 0.011188811188811189, 0.011188811188811189, 0.005594405594405594, 0.012587412587412588, 0.005594405594405594, 0.008391608391608392, 0.009790209790209791, 0.011188811188811189, 0.009790209790209791, 0.009790209790209791, 0.011188811188811189, 0.006993006993006993, 0.012587412587412588, 0.011188811188811189, 0.009790209790209791, 0.009790209790209791, 0.009790209790209791, 0.012587412587412588, 0.011188811188811189, 0.008391608391608392, 0.009790209790209791, 0.006993006993006993, 0.009790209790209791, 0.009790209790209791, 0.009790209790209791, 0.009790209790209791, 0.011188811188811189, 0.006993006993006993, 0.008391608391608392, 0.009790209790209791, 0.012587412587412588, 0.012587412587412588, 0.011188811188811189, 0.009790209790209791, 0.011188811188811189, 0.009790209790209791, 0.009790209790209791, 0.011188811188811189, 0.011188811188811189, 0.011188811188811189, 0.009790209790209791], "wrong": [0.3986013986013986, 0.06153846153846154, 0.032167832167832165, 0.0013986013986013986, 0.0, 0.0, 0.0, 0.0, 0.0, 0.0, 0.0, 0.0, 0.016783216783216783, 0.008391608391608392, 0.0013986013986013986, 0.008391608391608392, 0.0, 0.002797202797202797, 0.002797202797202797, 0.016783216783216783, 0.019580419580419582, 0.005594405594405594, 0.004195804195804196, 0.0, 0.0, 0.0, 0.0013986013986013986, 0.0013986013986013986, 0.0013986013986013986, 0.0, 0.0, 0.0, 0.004195804195804196, 0.002797202797202797, 0.002797202797202797, 0.0, 0.009790209790209791, 0.004195804195804196, 0.006993006993006993, 0.006993006993006993, 0.006993006993006993, 0.0013986013986013986, 0.006993006993006993, 0.011188811188811189, 0.011188811188811189, 0.0, 0.008391608391608392, 0.008391608391608392, 0.008391608391608392, 0.006993006993006993, 0.011188811188811189, 0.011188811188811189, 0.008391608391608392, 0.005594405594405594, 0.006993006993006993, 0.008391608391608392, 0.008391608391608392, 0.009790209790209791, 0.009790209790209791, 0.009790209790209791, 0.006993006993006993, 0.008391608391608392, 0.006993006993006993, 0.006993006993006993, 0.002797202797202797, 0.004195804195804196, 0.005594405594405594, 0.006993006993006993, 0.008391608391608392, 0.005594405594405594, 0.004195804195804196, 0.006993006993006993, 0.005594405594405594, 0.005594405594405594, 0.008391608391608392, 0.009790209790209791, 0.006993006993006993, 0.005594405594405594, 0.005594405594405594, 0.008391608391608392, 0.006993006993006993, 0.011188811188811189, 0.006993006993006993, 0.008391608391608392, 0.008391608391608392, 0.008391608391608392, 0.006993006993006993, 0.008391608391608392, 0.005594405594405594, 0.006993006993006993, 0.006993006993006993, 0.006993006993006993, 0.006993006993006993, 0.006993006993006993, 0.006993006993006993, 0.006993006993006993, 0.008391608391608392, 0.006993006993006993, 0.006993006993006993, 0.008391608391608392, 0.008391608391608392]}