{"loss": [0.008478747680783272, 0.024129824712872505, 0.00342076295055449, 0.0024780556559562683, 0.0013806918868795037, 0.0007690667407587171, 0.0008258918533101678, 0.0005196123966015875, 0.0012272001476958394, 0.0006254264735616744, 0.00045043168938718736, 0.00042221701005473733, 0.0029028248973190784, 0.0012872747611254454, 0.0005498423706740141, 0.0003286676073912531, 0.0002924308937508613, 0.0002602257300168276, 0.00024900914286263287, 0.0003156188759021461, 0.00028457658481784165, 0.00022419809829443693, 0.0004720604920294136, 0.00020273705013096333, 0.00018894208187703043, 0.00017796122119762003, 0.00013159062655176967, 0.00027054845122620463, 0.00013285106979310513, 0.00012038044224027544, 0.0001566810387885198, 0.0002446857397444546, 0.00012928307114634663, 9.952219988917932e-05, 0.00011074516078224406, 0.00010448665852891281, 8.58138591866009e-05, 0.00010683957225410268, 6.37167104287073e-05, 7.999862282304093e-05, 6.578007014468312e-05, 6.685026892228052e-05, 7.785458001308143e-05, 0.00014874494809191674, 0.0003182306245435029, 6.426193431252614e-05, 5.078960384707898e-05, 4.815013016923331e-05, 5.167388735571876e-05, 8.880022505763918e-05, 0.0001101067682611756, 4.345758861745708e-05, 3.569453110685572e-05, 4.967250060872175e-05, 5.1675509894266725e-05, 4.941148654324934e-05, 4.748029459733516e-05, 3.8442503864644095e-05, 3.483422551653348e-05, 4.524034739006311e-05, 4.8417139623779804e-05, 4.1490911826258525e-05, 7.232748612295836e-05, 4.5896060328232124e-05, 3.3929391065612435e-05, 3.851631481666118e-05, 3.877380004269071e-05, 5.2921855967724696e-05, 6.193947046995163e-05, 3.316633592476137e-05, 2.807747841870878e-05, 3.074254345847294e-05, 3.182032014592551e-05, 3.250216832384467e-05, 2.6445721232448705e-05, 2.6251278541167267e-05, 4.1338513256050646e-05, 5.584178143180907e-05, 2.519371992093511e-05, 2.228628181910608e-05, 2.4879283955669962e-05, 3.558858225005679e-05, 0.00012544382479973137, 3.5577992093749344e-05, 2.8806394766434096e-05, 2.5922839995473623e-05, 2.9485143386409618e-05, 2.6545416403678246e-05, 2.5819641450652853e-05, 2.9312324841157533e-05, 2.3872946258052252e-05, 2.8965445380890742e-05, 2.6524434360908344e-05, 3.2393436413258314e-05, 3.5807093809125945e-05, 2.2884481950313784e-05, 2.240358662675135e-05, 2.234486055385787e-05, 2.0722382032545283e-05, 2.3743470592307858e-05, 2.650275746418629e-05], "eloss": [0.00621965853497386, 0.022095780819654465, 0.0011939654359593987, 0.0011655448470264673, 0.0007384066702798009, 0.0004195468791294843, 0.0005331442225724459, 0.0003132612619083375, 0.0008682372863404453, 0.0003800181148108095, 0.00025950680719688535, 0.0002464896533638239, 0.002042989246547222, 0.0005803985404781997, 0.0002849174488801509, 0.0001484680105932057, 0.0001259419514099136, 0.00011081168486271054, 0.00010540238145040348, 0.00016277655959129333, 0.0001377936132485047, 9.444780880585313e-05, 0.0002787805278785527, 7.30591855244711e-05, 7.329788786591962e-05, 7.07702201907523e-05, 4.039779742015526e-05, 0.00014450303569901735, 4.009188342024572e-05, 4.1857751057250425e-05, 7.875900337239727e-05, 0.00011584070307435468, 4.650230403058231e-05, 3.2367279345635325e-05, 4.3284402636345476e-05, 4.3079955503344536e-05, 3.362863208167255e-05, 4.9287540605291724e-05, 1.94127260328969e-05, 2.875762766052503e-05, 2.3156411771196872e-05, 2.647849396453239e-05, 2.925468834291678e-05, 9.644081728765741e-05, 0.0001975326449610293, 2.1318750441423617e-05, 1.4280776667874306e-05, 1.386175790685229e-05, 1.689734563115053e-05, 5.3000461775809526e-05, 4.792131221620366e-05, 1.258119118574541e-05, 8.083248758339323e-06, 1.7507954908069223e-05, 1.7945365470950492e-05, 1.7433649190934375e-05, 1.4999503946455661e-05, 1.0517116606933996e-05, 8.45324120746227e-06, 1.5974868802004494e-05, 1.540268749522511e-05, 1.3045716514170635e-05, 3.1102143111638725e-05, 1.3027884961047675e-05, 8.458396223431919e-06, 1.219402656715829e-05, 1.0327054951630998e-05, 2.235925967397634e-05, 2.651874274306465e-05, 7.733263373665977e-06, 5.852135927852942e-06, 7.3694232014531735e-06, 8.41845030663535e-06, 9.456707630306482e-06, 5.913716449867934e-06, 5.183265784580726e-06, 1.521276863059029e-05, 2.079370096907951e-05, 4.689253728429321e-06, 3.1165195650828537e-06, 5.043440523877507e-06, 1.0040665983979125e-05, 7.568149158032611e-05, 9.175779268844053e-06, 6.886198661959497e-06, 5.2973682613810524e-06, 7.17948159945081e-06, 6.552143986482406e-06, 5.522296760318568e-06, 6.782505806768313e-06, 4.604182777256938e-06, 7.173985522967996e-06, 5.740625510952668e-06, 9.41453890845878e-06, 1.1560060556803364e-05, 4.2442934500286356e-06, 4.13823499911814e-06, 3.7435556805576198e-06, 3.2210248264163965e-06, 4.140242253924953e-06, 5.759972282248782e-06], "siamloss": [2.259082078933716, 2.0340523719787598, 2.2267978191375732, 1.3125112056732178, 0.6422844529151917, 0.34951984882354736, 0.2927480936050415, 0.20635122060775757, 0.3589627742767334, 0.24540828168392181, 0.19092516601085663, 0.17572711408138275, 0.859833836555481, 0.7068758606910706, 0.2649253010749817, 0.180199533700943, 0.16648909449577332, 0.14941410720348358, 0.1436069905757904, 0.15284249186515808, 0.1467830091714859, 0.12975038588047028, 0.19328008592128754, 0.1296778917312622, 0.11564420908689499, 0.10719092190265656, 0.0911928117275238, 0.12604521214962006, 0.0927591621875763, 0.07852259278297424, 0.07792200893163681, 0.12884515523910522, 0.08278082311153412, 0.06715496629476547, 0.06746082752943039, 0.06140672415494919, 0.05218520760536194, 0.05755210295319557, 0.04430404305458069, 0.05124102532863617, 0.042623646557331085, 0.04037180542945862, 0.04859991371631622, 0.052304212003946304, 0.12069816142320633, 0.042943231761455536, 0.03650880977511406, 0.03428836539387703, 0.03477654978632927, 0.03579976409673691, 0.06218542531132698, 0.030876370146870613, 0.027611277997493744, 0.032164566218853, 0.03373019024729729, 0.03197786957025528, 0.032480813562870026, 0.027925405651330948, 0.026380978524684906, 0.029265431687235832, 0.0330144427716732, 0.028445173054933548, 0.04122527316212654, 0.032868169248104095, 0.025470981374382973, 0.02632231079041958, 0.0284467414021492, 0.030562596395611763, 0.03542070463299751, 0.025433072820305824, 0.02222536690533161, 0.023373102769255638, 0.023401854559779167, 0.023045480251312256, 0.020531991496682167, 0.021068025380373, 0.026125730946660042, 0.035048119723796844, 0.020504465326666832, 0.019169745966792107, 0.0198358204215765, 0.025547904893755913, 0.04976239055395126, 0.02640221267938614, 0.02192019112408161, 0.020625468343496323, 0.02230563387274742, 0.0199932511895895, 0.020297331735491753, 0.02252982370555401, 0.019268784672021866, 0.02179146744310856, 0.020783808082342148, 0.02297889068722725, 0.02424704283475876, 0.01864018104970455, 0.018265344202518463, 0.0186013076454401, 0.017501356080174446, 0.01960323192179203, 0.02074277587234974]}