{"loss": [0.01270434632897377, 0.03962448984384537, 0.0034823135938495398, 0.00283887074328959, 0.00205646688118577, 0.0011895153438672423, 0.00216664164327085, 0.0008588730124756694, 0.0006874424871057272, 0.00046164760715328157, 0.00038466870319098234, 0.0005316063179634511, 0.0007938403869047761, 0.0002666057553142309, 0.0002015957870753482, 0.0003140476474072784, 0.0003103582130279392, 0.00019632013572845608, 0.0001549676962895319, 0.00019822517060674727, 0.0007489559939131141, 0.0001671055069891736, 0.00014576769899576902, 0.00012189384869998321, 0.00011910613102372736, 0.0001510607253294438, 0.00012067192437825724, 8.92087264219299e-05, 0.00012292902101762593, 9.546594810672104e-05, 8.656295540276915e-05, 6.994562863837928e-05, 6.48336936137639e-05, 7.321276643779129e-05, 0.0003392768558114767, 8.406505367020145e-05, 5.389657962950878e-05, 4.62950520159211e-05, 6.39913632767275e-05, 4.119775621802546e-05, 4.6384473534999415e-05, 4.700956560554914e-05, 4.085941327502951e-05, 5.258742021396756e-05, 5.702659473172389e-05, 5.857939686393365e-05, 3.8240719732129946e-05, 4.364054984762333e-05, 2.931759627244901e-05, 3.8407015381380916e-05, 3.9799582737032324e-05, 3.656171611510217e-05, 2.6223733584629372e-05, 4.690883361035958e-05, 3.3401913242414594e-05, 2.8563905289047398e-05, 0.00010759413271443918, 6.81364253978245e-05, 3.173555160174146e-05, 2.5725370505824685e-05, 2.8906133593409322e-05, 2.9119153623469174e-05, 2.799136382236611e-05, 2.689368739083875e-05, 4.945380715071224e-05, 2.6236672056256793e-05, 2.3537848392152227e-05, 2.5407593057025224e-05, 2.8265551009099e-05, 2.8080656193196774e-05, 2.350549038965255e-05, 3.9416318031726405e-05, 2.1981426471029408e-05, 2.0944693460478447e-05, 2.1884623492951505e-05, 2.8172347811050713e-05, 2.4344235498574562e-05, 1.9876246369676664e-05, 2.3224016331369057e-05, 2.7137371944263577e-05, 2.368201603530906e-05, 1.9499833797453903e-05, 1.97416047740262e-05, 2.2811847884440795e-05, 3.4668672014959157e-05, 2.2833897673990577e-05, 1.8942024325951934e-05, 2.5966199245885946e-05, 2.2239200916374102e-05, 1.767723551893141e-05, 1.8513987015467137e-05, 1.9753950255108066e-05, 2.1149497115402482e-05, 1.8897086192737333e-05, 1.8641443602973595e-05, 4.16263792430982e-05, 1.7136355381808244e-05, 2.1921157895121723e-05, 2.0518342353170738e-05, 1.903567317640409e-05, 1.6231404515565373e-05], "eloss": [0.010737713426351547, 0.037970855832099915, 0.0015525012277066708, 0.001423073816113174, 0.0011213256511837244, 0.0005446369177661836, 0.0013746838085353374, 0.00047659731353633106, 0.0004186473961453885, 0.00027139560552313924, 0.00022049764811526984, 0.00031528467661701143, 0.0005126852192915976, 0.00011627754429355264, 8.268998499261215e-05, 0.00016497923934366554, 0.00015139674360398203, 7.826382352504879e-05, 5.164184040040709e-05, 9.233337914338335e-05, 0.0005202805041335523, 5.536951721296646e-05, 4.856005034525879e-05, 3.3617252483963966e-05, 3.506859502522275e-05, 6.011615550960414e-05, 3.943732372135855e-05, 2.379957732046023e-05, 4.523817551671527e-05, 3.042135176656302e-05, 2.7605776267591864e-05, 2.0062365365447477e-05, 2.054288052022457e-05, 2.7293513994663954e-05, 0.00023418621276505291, 2.3685292035224847e-05, 1.1824698958662339e-05, 1.1210672710149083e-05, 2.321629654034041e-05, 9.336140465165954e-06, 1.3190164281695616e-05, 1.516931297373958e-05, 1.0461677447892725e-05, 1.8202221326646395e-05, 1.9249297110945918e-05, 2.0723900888697244e-05, 1.005729973257985e-05, 1.3726676115766168e-05, 5.470060841616942e-06, 1.0756262781796977e-05, 1.1234281373617705e-05, 9.576008778822143e-06, 4.876701041212073e-06, 1.5639938283129595e-05, 8.563468327338342e-06, 6.488029612228274e-06, 6.387886969605461e-05, 2.3530104954261333e-05, 7.092651230777847e-06, 4.796676421392476e-06, 6.433293492591474e-06, 7.652723070350476e-06, 6.387750090652844e-06, 6.123714683781145e-06, 1.7487527657067403e-05, 5.061328010924626e-06, 4.293664915167028e-06, 5.595454240392428e-06, 6.813464551669313e-06, 7.1050480983103625e-06, 4.213960437482456e-06, 1.5032487681310158e-05, 3.4694833175308304e-06, 3.1920224046189105e-06, 4.250536221661605e-06, 6.916786787769524e-06, 4.313424597057747e-06, 2.8843037398473825e-06, 4.574349532049382e-06, 7.361687039519893e-06, 4.259704383002827e-06, 3.0076587336225202e-06, 3.4044614949380048e-06, 5.184857400308829e-06, 1.1449335943325423e-05, 4.809883648704272e-06, 3.249303063057596e-06, 6.625259629799984e-06, 5.115608928463189e-06, 2.1962991922919173e-06, 2.7155454063176876e-06, 3.1067263535078382e-06, 3.403329401407973e-06, 3.1083484373084502e-06, 2.7202863748243544e-06, 1.762615102052223e-05, 2.520035423003719e-06, 4.646795787266456e-06, 2.990483608300565e-06, 3.2320458558388054e-06, 2.0806385236937786e-06], "siamloss": [1.9666237831115723, 1.6535518169403076, 1.9298139810562134, 1.4157960414886475, 0.9351407885551453, 0.6448779702186584, 0.7919564247131348, 0.3822750449180603, 0.26879575848579407, 0.1902521550655365, 0.16417138278484344, 0.21632134914398193, 0.2811552584171295, 0.1503283530473709, 0.11890586465597153, 0.1490684151649475, 0.1589612364768982, 0.11805645376443863, 0.10332585871219635, 0.1058918684720993, 0.2286747246980667, 0.1117357462644577, 0.09720754623413086, 0.08827651292085648, 0.08403749018907547, 0.09094443917274475, 0.08123462647199631, 0.06540913134813309, 0.07769083976745605, 0.06504464149475098, 0.058957234025001526, 0.049883291125297546, 0.04429077357053757, 0.0459192655980587, 0.10509080439805984, 0.06037968024611473, 0.04207189753651619, 0.03508437052369118, 0.04077506065368652, 0.03186161443591118, 0.03319430723786354, 0.03184030205011368, 0.030397728085517883, 0.034385234117507935, 0.03777730092406273, 0.03785550221800804, 0.028183402493596077, 0.02991391159594059, 0.023847537115216255, 0.027650760486721992, 0.028565309941768646, 0.026985667645931244, 0.021347034722566605, 0.0312688872218132, 0.02483844943344593, 0.022075878456234932, 0.04371524974703789, 0.044606275856494904, 0.024642884731292725, 0.02092869207262993, 0.02247285656630993, 0.021466443315148354, 0.021603619679808617, 0.02076997235417366, 0.03196631371974945, 0.02117534913122654, 0.019244151189923286, 0.019812149927020073, 0.02145208604633808, 0.020975610241293907, 0.019291523844003677, 0.024383848533034325, 0.01851191557943821, 0.01775267720222473, 0.017634065821766853, 0.02125554159283638, 0.020030826330184937, 0.016991956159472466, 0.018649671226739883, 0.019775692373514175, 0.01942230574786663, 0.016492176800966263, 0.016337141394615173, 0.01762698031961918, 0.02321934513747692, 0.0180240198969841, 0.01569272391498089, 0.01934092491865158, 0.01712358556687832, 0.015480936504900455, 0.015798425301909447, 0.016647228971123695, 0.01774616353213787, 0.01578875258564949, 0.015921154990792274, 0.024000218138098717, 0.01461630780249834, 0.017274361103773117, 0.017527855932712555, 0.015803635120391846, 0.014150764793157578]}