{"opt": [0.34265734265734266, 0.8671328671328671, 0.9412587412587412, 0.9566433566433566, 0.9706293706293706, 1.0, 0.9986013986013986, 0.9874125874125874, 1.0, 1.0, 1.0, 1.0, 1.0, 1.0, 1.0, 1.0, 1.0, 1.0, 1.0, 1.0, 1.0, 1.0, 1.0, 1.0, 1.0, 1.0, 0.986013986013986, 1.0, 1.0, 1.0, 0.9944055944055944, 0.9986013986013986, 0.9944055944055944, 0.9944055944055944, 1.0, 1.0, 1.0, 1.0, 1.0, 1.0, 1.0, 1.0, 1.0, 1.0, 1.0, 1.0, 1.0, 1.0, 1.0, 1.0, 1.0, 1.0, 1.0, 1.0, 1.0, 1.0, 1.0, 1.0, 0.9902097902097902, 1.0, 1.0, 1.0, 1.0, 1.0, 1.0, 1.0, 0.9972027972027973, 1.0, 0.9972027972027973, 0.9986013986013986, 0.9986013986013986, 1.0, 0.9944055944055944, 0.9986013986013986, 1.0, 1.0, 1.0, 1.0, 1.0, 1.0, 1.0, 0.9916083916083916, 1.0, 1.0, 1.0, 1.0, 1.0, 1.0, 0.9986013986013986, 1.0, 0.9972027972027973, 1.0, 1.0, 1.0, 1.0, 1.0, 0.9958041958041958, 1.0, 1.0, 1.0, 1.0], "subopt": [0.2895104895104895, 0.08671328671328671, 0.032167832167832165, 0.026573426573426574, 0.02937062937062937, 0.0, 0.0013986013986013986, 0.012587412587412588, 0.0, 0.0, 0.0, 0.0, 0.0, 0.0, 0.0, 0.0, 0.0, 0.0, 0.0, 0.0, 0.0, 0.0, 0.0, 0.0, 0.0, 0.0, 0.013986013986013986, 0.0, 0.0, 0.0, 0.005594405594405594, 0.0013986013986013986, 0.005594405594405594, 0.005594405594405594, 0.0, 0.0, 0.0, 0.0, 0.0, 0.0, 0.0, 0.0, 0.0, 0.0, 0.0, 0.0, 0.0, 0.0, 0.0, 0.0, 0.0, 0.0, 0.0, 0.0, 0.0, 0.0, 0.0, 0.0, 0.009790209790209791, 0.0, 0.0, 0.0, 0.0, 0.0, 0.0, 0.0, 0.002797202797202797, 0.0, 0.002797202797202797, 0.0013986013986013986, 0.0013986013986013986, 0.0, 0.005594405594405594, 0.0013986013986013986, 0.0, 0.0, 0.0, 0.0, 0.0, 0.0, 0.0, 0.008391608391608392, 0.0, 0.0, 0.0, 0.0, 0.0, 0.0, 0.0013986013986013986, 0.0, 0.002797202797202797, 0.0, 0.0, 0.0, 0.0, 0.0, 0.004195804195804196, 0.0, 0.0, 0.0, 0.0], "wrong": [0.3678321678321678, 0.046153846153846156, 0.026573426573426574, 0.016783216783216783, 0.0, 0.0, 0.0, 0.0, 0.0, 0.0, 0.0, 0.0, 0.0, 0.0, 0.0, 0.0, 0.0, 0.0, 0.0, 0.0, 0.0, 0.0, 0.0, 0.0, 0.0, 0.0, 0.0, 0.0, 0.0, 0.0, 0.0, 0.0, 0.0, 0.0, 0.0, 0.0, 0.0, 0.0, 0.0, 0.0, 0.0, 0.0, 0.0, 0.0, 0.0, 0.0, 0.0, 0.0, 0.0, 0.0, 0.0, 0.0, 0.0, 0.0, 0.0, 0.0, 0.0, 0.0, 0.0, 0.0, 0.0, 0.0, 0.0, 0.0, 0.0, 0.0, 0.0, 0.0, 0.0, 0.0, 0.0, 0.0, 0.0, 0.0, 0.0, 0.0, 0.0, 0.0, 0.0, 0.0, 0.0, 0.0, 0.0, 0.0, 0.0, 0.0, 0.0, 0.0, 0.0, 0.0, 0.0, 0.0, 0.0, 0.0, 0.0, 0.0, 0.0, 0.0, 0.0, 0.0, 0.0]}