{"loss": [0.010067823342978954, 0.03848693519830704, 0.0037958798930048943, 0.0033853885252028704, 0.0026194006204605103, 0.002346420893445611, 0.0023072189651429653, 0.0008318254840560257, 0.0008407948189415038, 0.0027036257088184357, 0.0007225596345961094, 0.00043428924982436, 0.0005824895924888551, 0.0006285020499490201, 0.00043987928074784577, 0.00041745626367628574, 0.00029798143077641726, 0.0003031815285794437, 0.00048553437227383256, 0.0002858989464584738, 0.00024349658633582294, 0.0001733464450808242, 0.0003084564523305744, 0.00016680311819072813, 0.00017830842989496887, 0.000170212282682769, 0.0001235279196407646, 0.00015875714598223567, 0.00013576654600910842, 0.00015127567166928202, 9.275245975004509e-05, 0.00010038542677648365, 9.184565715258941e-05, 9.092195250559598e-05, 6.612553988816217e-05, 8.749555126996711e-05, 7.476272730855271e-05, 9.153265273198485e-05, 8.627837087260559e-05, 4.8205762141151354e-05, 4.332393655204214e-05, 5.881280594621785e-05, 0.00012862164294347167, 3.76340321963653e-05, 3.86819192499388e-05, 5.483681889018044e-05, 4.547907519736327e-05, 3.560404365998693e-05, 6.557412416441366e-05, 9.892719390336424e-05, 3.133990685455501e-05, 3.0434906875598244e-05, 4.503354284679517e-05, 3.2134663342731073e-05, 2.6393685402581468e-05, 3.0365919883479364e-05, 4.855204315390438e-05, 2.775287430267781e-05, 4.585344504448585e-05, 4.527596684056334e-05, 3.3048283512471244e-05, 2.6456160412635654e-05, 0.00018478394486010075, 4.433672074810602e-05, 3.2783565984573215e-05, 3.6906872992403805e-05, 3.0833951313979924e-05, 2.9485976483556442e-05, 2.4943808966781944e-05, 2.2189064111444168e-05, 2.5139808712992817e-05, 3.138051033602096e-05, 2.7879004846909083e-05, 2.660978861968033e-05, 4.442495992407203e-05, 2.0280045646359213e-05, 2.621822386572603e-05, 1.87762088899035e-05, 2.0261111785657704e-05, 3.102442860836163e-05, 2.0442250388441607e-05, 2.332311669306364e-05, 1.9063783838646486e-05, 2.1696243493352085e-05, 2.3020931621431373e-05, 2.0207848137943074e-05, 2.323801163583994e-05, 1.810467801988125e-05, 2.275962287967559e-05, 2.6526364308665507e-05, 1.6204598068725318e-05, 1.695451828709338e-05, 2.420627606625203e-05, 1.836742740124464e-05, 1.551298009871971e-05, 2.2369618818629533e-05, 1.9615288692875765e-05, 1.8749617083813064e-05, 1.726820300973486e-05, 1.5259627616615035e-05, 1.8310709492652677e-05], "eloss": [0.007769758813083172, 0.036692846566438675, 0.0016548456624150276, 0.001540193217806518, 0.0012452753726392984, 0.0015472265658900142, 0.0014527881285175681, 0.0005647960351780057, 0.000592813768889755, 0.00181944714859128, 0.0003884156758431345, 0.00024081504670903087, 0.0004014675796497613, 0.00039725727401673794, 0.0002667328517418355, 0.00024176867736969143, 0.0001542561803944409, 0.0001545124250696972, 0.00029047709540463984, 0.00014001278032083064, 0.00010558165377005935, 6.29382484476082e-05, 0.00016397949366364628, 6.103483246988617e-05, 7.294952956726775e-05, 7.629590982105583e-05, 4.155318674747832e-05, 7.037775503704324e-05, 5.559912824537605e-05, 6.934504199307412e-05, 3.22901141771581e-05, 4.139116936130449e-05, 3.556975570973009e-05, 3.656288390629925e-05, 2.2459038518718444e-05, 3.9395978092215955e-05, 3.187271795468405e-05, 4.327928036218509e-05, 3.964612915297039e-05, 1.529466680949554e-05, 1.441114454792114e-05, 2.5760176868061535e-05, 6.482362368842587e-05, 1.0587275937723462e-05, 1.2837590475101024e-05, 2.1929781723883934e-05, 1.724762660160195e-05, 1.0686131645343266e-05, 3.217018456780352e-05, 4.838981112698093e-05, 7.367410034930799e-06, 7.280937097675633e-06, 1.956537198566366e-05, 9.948983461072203e-06, 6.786853191442788e-06, 9.054328074853402e-06, 2.0019238945678808e-05, 7.238425951072713e-06, 2.0636729459511116e-05, 1.7401525838067755e-05, 1.0941485015791841e-05, 7.36205493012676e-06, 0.00011445251584518701, 1.3659913747687824e-05, 9.978321941161994e-06, 1.3402238437265623e-05, 1.0828262020368129e-05, 9.726653843245003e-06, 7.047184226394165e-06, 5.1778215492959134e-06, 7.700974492763635e-06, 1.0554123036854435e-05, 9.068272447620984e-06, 7.09497180650942e-06, 2.037102240137756e-05, 3.912542524631135e-06, 8.203753168345429e-06, 3.4189215512014925e-06, 4.71973999083275e-06, 1.0385700079496019e-05, 4.58927661384223e-06, 7.238992566271918e-06, 4.08577170674107e-06, 5.256989879853791e-06, 6.765652869944461e-06, 5.027141924074385e-06, 6.591477813344682e-06, 3.737277893378632e-06, 6.610860509681515e-06, 8.417639037361369e-06, 2.7049470645579277e-06, 3.746422862604959e-06, 7.011213256191695e-06, 3.4484214666008484e-06, 3.007048235303955e-06, 6.773749191779643e-06, 4.481390988075873e-06, 4.073097443324514e-06, 3.98482006858103e-06, 3.0381468150153523e-06, 4.128008185944054e-06], "siamloss": [2.298062562942505, 1.7941056489944458, 2.14103364944458, 1.8451939821243286, 1.3741239309310913, 0.7991941571235657, 0.8544319868087769, 0.2670299708843231, 0.24798119068145752, 0.8841798305511475, 0.33414405584335327, 0.19347453117370605, 0.18102167546749115, 0.2312447875738144, 0.17314615845680237, 0.17568758130073547, 0.1437252163887024, 0.14866919815540314, 0.19505713880062103, 0.14588618278503418, 0.1379147320985794, 0.11040808260440826, 0.14447705447673798, 0.1057683452963829, 0.10535892844200134, 0.0939163863658905, 0.08197467774152756, 0.0883793756365776, 0.08016752451658249, 0.08193076401948929, 0.060462288558483124, 0.05899420380592346, 0.05627589300274849, 0.05435910448431969, 0.043666474521160126, 0.048099592328071594, 0.042889971286058426, 0.04825345426797867, 0.046632181853055954, 0.03291108459234238, 0.02891278825700283, 0.03305262699723244, 0.06379808485507965, 0.027046741917729378, 0.025844352319836617, 0.032907046377658844, 0.028231486678123474, 0.024917911738157272, 0.033403944224119186, 0.05053742974996567, 0.023972483351826668, 0.023153983056545258, 0.025468172505497932, 0.0221856702119112, 0.01960684545338154, 0.021311579272150993, 0.02853282541036606, 0.02051444910466671, 0.02521674893796444, 0.02787446789443493, 0.02210683375597, 0.019094103947281837, 0.0703313946723938, 0.030676789581775665, 0.022805247455835342, 0.02350461669266224, 0.02000570110976696, 0.0197592880576849, 0.017896616831421852, 0.017011217772960663, 0.017438853159546852, 0.02082638628780842, 0.018810730427503586, 0.019514814019203186, 0.02405395172536373, 0.01636752113699913, 0.018014488741755486, 0.015357300639152527, 0.015541373752057552, 0.02063875086605549, 0.015852972865104675, 0.016084110364317894, 0.01497800461947918, 0.01643923856317997, 0.016255272552371025, 0.015180718153715134, 0.01664654165506363, 0.014367408119142056, 0.016148753464221954, 0.018108731135725975, 0.013499652035534382, 0.01320809219032526, 0.01719505526125431, 0.014918999746441841, 0.012505943886935711, 0.015595881268382072, 0.015133913606405258, 0.014676527120172977, 0.013283366337418556, 0.012221497483551502, 0.014182701706886292]}