{"opt": [0.3034965034965035, 0.8573426573426574, 0.9272727272727272, 0.951048951048951, 0.9874125874125874, 0.9874125874125874, 1.0, 1.0, 0.9678321678321679, 1.0, 1.0, 1.0, 0.993006993006993, 1.0, 0.9902097902097902, 0.9832167832167832, 0.9902097902097902, 0.9888111888111888, 0.9874125874125874, 0.9748251748251748, 0.9762237762237762, 0.9776223776223776, 0.9706293706293706, 0.965034965034965, 0.965034965034965, 0.9566433566433566, 0.9454545454545454, 0.9566433566433566, 0.9594405594405594, 0.951048951048951, 0.9482517482517483, 0.9538461538461539, 0.9426573426573427, 0.9482517482517483, 0.9188811188811189, 0.9216783216783216, 0.9384615384615385, 0.9398601398601398, 0.9272727272727272, 0.9230769230769231, 0.9202797202797203, 0.9230769230769231, 0.9258741258741259, 0.9188811188811189, 0.9230769230769231, 0.9146853146853147, 0.9202797202797203, 0.9300699300699301, 0.9244755244755245, 0.9342657342657342, 0.9244755244755245, 0.9188811188811189, 0.9202797202797203, 0.9132867132867133, 0.9230769230769231, 0.916083916083916, 0.9230769230769231, 0.9146853146853147, 0.9174825174825175, 0.9104895104895104, 0.9132867132867133, 0.9132867132867133, 0.9496503496503497, 0.9328671328671329, 0.9286713286713286, 0.9230769230769231, 0.9314685314685315, 0.9244755244755245, 0.916083916083916, 0.9174825174825175, 0.9272727272727272, 0.916083916083916, 0.9118881118881119, 0.9146853146853147, 0.9300699300699301, 0.9286713286713286, 0.9286713286713286, 0.9174825174825175, 0.9216783216783216, 0.9216783216783216, 0.916083916083916, 0.9202797202797203, 0.916083916083916, 0.916083916083916, 0.9188811188811189, 0.916083916083916, 0.9146853146853147, 0.9216783216783216, 0.9188811188811189, 0.9202797202797203, 0.9174825174825175, 0.9132867132867133, 0.9216783216783216, 0.9202797202797203, 0.9202797202797203, 0.916083916083916, 0.9342657342657342, 0.9258741258741259, 0.9174825174825175, 0.916083916083916, 0.9146853146853147], "subopt": [0.33986013986013985, 0.0979020979020979, 0.07132867132867132, 0.03636363636363636, 0.012587412587412588, 0.012587412587412588, 0.0, 0.0, 0.032167832167832165, 0.0, 0.0, 0.0, 0.006993006993006993, 0.0, 0.008391608391608392, 0.009790209790209791, 0.004195804195804196, 0.0013986013986013986, 0.009790209790209791, 0.011188811188811189, 0.011188811188811189, 0.002797202797202797, 0.005594405594405594, 0.006993006993006993, 0.01818181818181818, 0.008391608391608392, 0.022377622377622378, 0.008391608391608392, 0.009790209790209791, 0.011188811188811189, 0.013986013986013986, 0.016783216783216783, 0.013986013986013986, 0.008391608391608392, 0.03636363636363636, 0.03636363636363636, 0.03076923076923077, 0.01818181818181818, 0.02937062937062937, 0.027972027972027972, 0.032167832167832165, 0.032167832167832165, 0.025174825174825177, 0.023776223776223775, 0.026573426573426574, 0.03496503496503497, 0.032167832167832165, 0.026573426573426574, 0.027972027972027972, 0.019580419580419582, 0.022377622377622378, 0.02097902097902098, 0.027972027972027972, 0.032167832167832165, 0.015384615384615385, 0.019580419580419582, 0.025174825174825177, 0.022377622377622378, 0.025174825174825177, 0.026573426573426574, 0.02097902097902098, 0.027972027972027972, 0.01818181818181818, 0.033566433566433566, 0.033566433566433566, 0.033566433566433566, 0.019580419580419582, 0.026573426573426574, 0.03776223776223776, 0.04055944055944056, 0.025174825174825177, 0.032167832167832165, 0.03776223776223776, 0.04195804195804196, 0.026573426573426574, 0.025174825174825177, 0.03776223776223776, 0.039160839160839164, 0.032167832167832165, 0.033566433566433566, 0.03636363636363636, 0.02937062937062937, 0.03636363636363636, 0.03496503496503497, 0.02937062937062937, 0.02097902097902098, 0.03636363636363636, 0.027972027972027972, 0.03496503496503497, 0.026573426573426574, 0.032167832167832165, 0.027972027972027972, 0.032167832167832165, 0.03496503496503497, 0.033566433566433566, 0.033566433566433566, 0.02937062937062937, 0.025174825174825177, 0.033566433566433566, 0.032167832167832165, 0.025174825174825177], "wrong": [0.35664335664335667, 0.044755244755244755, 0.0013986013986013986, 0.012587412587412588, 0.0, 0.0, 0.0, 0.0, 0.0, 0.0, 0.0, 0.0, 0.0, 0.0, 0.0013986013986013986, 0.006993006993006993, 0.005594405594405594, 0.009790209790209791, 0.002797202797202797, 0.013986013986013986, 0.012587412587412588, 0.019580419580419582, 0.023776223776223775, 0.027972027972027972, 0.016783216783216783, 0.03496503496503497, 0.032167832167832165, 0.03496503496503497, 0.03076923076923077, 0.03776223776223776, 0.03776223776223776, 0.02937062937062937, 0.043356643356643354, 0.043356643356643354, 0.044755244755244755, 0.04195804195804196, 0.03076923076923077, 0.04195804195804196, 0.043356643356643354, 0.04895104895104895, 0.04755244755244755, 0.044755244755244755, 0.04895104895104895, 0.057342657342657345, 0.05034965034965035, 0.05034965034965035, 0.04755244755244755, 0.043356643356643354, 0.04755244755244755, 0.046153846153846156, 0.05314685314685315, 0.06013986013986014, 0.05174825174825175, 0.05454545454545454, 0.06153846153846154, 0.06433566433566433, 0.05174825174825175, 0.06293706293706294, 0.057342657342657345, 0.06293706293706294, 0.06573426573426573, 0.05874125874125874, 0.032167832167832165, 0.033566433566433566, 0.03776223776223776, 0.043356643356643354, 0.04895104895104895, 0.04895104895104895, 0.046153846153846156, 0.04195804195804196, 0.04755244755244755, 0.05174825174825175, 0.05034965034965035, 0.043356643356643354, 0.043356643356643354, 0.046153846153846156, 0.033566433566433566, 0.043356643356643354, 0.046153846153846156, 0.044755244755244755, 0.04755244755244755, 0.05034965034965035, 0.04755244755244755, 0.04895104895104895, 0.05174825174825175, 0.06293706293706294, 0.04895104895104895, 0.05034965034965035, 0.046153846153846156, 0.05314685314685315, 0.05034965034965035, 0.05874125874125874, 0.046153846153846156, 0.044755244755244755, 0.046153846153846156, 0.05034965034965035, 0.03636363636363636, 0.04895104895104895, 0.04895104895104895, 0.05174825174825175, 0.06013986013986014]}