{"opt": [0.35664335664335667, 0.813986013986014, 0.9230769230769231, 0.9272727272727272, 0.9384615384615385, 0.9748251748251748, 0.9566433566433566, 0.9594405594405594, 0.9398601398601398, 0.9076923076923077, 0.9734265734265735, 0.9692307692307692, 0.9328671328671329, 0.9230769230769231, 0.8951048951048951, 0.9076923076923077, 0.9006993006993007, 0.8979020979020979, 0.9104895104895104, 0.9104895104895104, 0.8825174825174825, 0.8657342657342657, 0.8839160839160839, 0.9034965034965035, 0.8979020979020979, 0.813986013986014, 0.8097902097902098, 0.7846153846153846, 0.5986013986013986, 0.7636363636363637, 0.6195804195804195], "subopt": [0.3174825174825175, 0.14825174825174825, 0.07692307692307693, 0.05314685314685315, 0.04755244755244755, 0.015384615384615385, 0.02097902097902098, 0.03636363636363636, 0.03636363636363636, 0.05314685314685315, 0.025174825174825177, 0.02937062937062937, 0.03776223776223776, 0.046153846153846156, 0.039160839160839164, 0.07272727272727272, 0.06993006993006994, 0.015384615384615385, 0.07132867132867132, 0.06293706293706294, 0.03636363636363636, 0.08111888111888112, 0.033566433566433566, 0.04055944055944056, 0.046153846153846156, 0.13986013986013987, 0.14265734265734265, 0.0937062937062937, 0.27132867132867133, 0.10909090909090909, 0.24195804195804196], "wrong": [0.3258741258741259, 0.03776223776223776, 0.0, 0.019580419580419582, 0.013986013986013986, 0.009790209790209791, 0.022377622377622378, 0.004195804195804196, 0.023776223776223775, 0.039160839160839164, 0.0013986013986013986, 0.0013986013986013986, 0.02937062937062937, 0.03076923076923077, 0.06573426573426573, 0.019580419580419582, 0.02937062937062937, 0.08671328671328671, 0.01818181818181818, 0.026573426573426574, 0.08111888111888112, 0.05314685314685315, 0.08251748251748252, 0.055944055944055944, 0.055944055944055944, 0.046153846153846156, 0.04755244755244755, 0.12167832167832168, 0.13006993006993006, 0.12727272727272726, 0.13846153846153847]}