{"opt": [0.38741258741258744, 0.8657342657342657, 0.9006993006993007, 0.9034965034965035, 0.9356643356643357, 0.9328671328671329, 0.9328671328671329, 0.8993006993006993, 0.8783216783216783, 0.8895104895104895, 0.9202797202797203, 0.9412587412587412, 0.9132867132867133, 0.9174825174825175, 0.9006993006993007, 0.8881118881118881, 0.9188811188811189, 0.9398601398601398, 0.9076923076923077, 0.8713286713286713, 0.9090909090909091, 0.8335664335664336, 0.7818181818181819, 0.8895104895104895, 0.9048951048951049, 0.8671328671328671, 0.9146853146853147, "nan"], "subopt": [0.33146853146853145, 0.0993006993006993, 0.05034965034965035, 0.07552447552447553, 0.03636363636363636, 0.039160839160839164, 0.06433566433566433, 0.03496503496503497, 0.043356643356643354, 0.057342657342657345, 0.023776223776223775, 0.013986013986013986, 0.05174825174825175, 0.043356643356643354, 0.05454545454545454, 0.07552447552447553, 0.032167832167832165, 0.005594405594405594, 0.07132867132867132, 0.04195804195804196, 0.04755244755244755, 0.1076923076923077, 0.11608391608391608, 0.08951048951048951, 0.07412587412587412, 0.07272727272727272, 0.05174825174825175, "nan"], "wrong": [0.2811188811188811, 0.03496503496503497, 0.04895104895104895, 0.02097902097902098, 0.027972027972027972, 0.027972027972027972, 0.002797202797202797, 0.06573426573426573, 0.07832167832167833, 0.05314685314685315, 0.055944055944055944, 0.044755244755244755, 0.03496503496503497, 0.039160839160839164, 0.044755244755244755, 0.03636363636363636, 0.04895104895104895, 0.05454545454545454, 0.02097902097902098, 0.08671328671328671, 0.043356643356643354, 0.05874125874125874, 0.1020979020979021, 0.02097902097902098, 0.02097902097902098, 0.06013986013986014, 0.033566433566433566, "nan"]}