{"loss": [0.004964518826454878, 0.0058093904517591, 0.004727161023765802, 0.0035174796357750893, 0.002680366626009345, 0.0028018311131745577, 0.0023565248120576143, 0.001288742059841752, 0.0011276621371507645, 0.0008972315117716789, 0.0005507369060069323, 0.0005387612036429346, 0.0005810632719658315, 0.0011253207921981812, 0.0015762000111863017, 0.0005936798406764865, 0.0004394013376440853, 0.00044296644045971334, 0.00042172824032604694, 0.00038433398003689945, 0.0004170206666458398, 0.00047343672486022115, 0.00039187821676023304, 0.00028658195515163243, 0.00026314621209166944, 0.0005166453192941844, 0.00021236816246528178, 0.00019190888269804418, 0.00024744123220443726, 0.00020726046932395548, 0.00020998509717173874, 0.00016874315042514354, 0.00039613517583347857, NaN], "eloss": [0.002005100715905428, 0.0034088941756635904, 0.0020513234194368124, 0.001302875461988151, 0.0012174504809081554, 0.0014953799545764923, 0.0013023645151406527, 0.0006592973368242383, 0.000664834922645241, 0.00044386935769580305, 0.0001972912432393059, 0.00020606079488061368, 0.00025813482352532446, 0.0007601787219755352, 0.0009463976603001356, 0.00022886453371029347, 0.00016783707542344928, 0.0001999863306991756, 0.0001872470893431455, 0.00017162991571240127, 0.00020664490875788033, 0.0002255159488413483, 0.00019851460820063949, 0.00012170707486802712, 0.00011316144082229584, 0.0002997825213242322, 7.770449883537367e-05, 7.186293078120798e-05, 0.00012092567340005189, 8.806514233583584e-05, 9.782504639588296e-05, 6.984071660554036e-05, 0.00023999364930205047, NaN], "siamloss": [2.9594149589538574, 2.400494337081909, 2.6758363246917725, 2.214604139328003, 1.462915062904358, 1.306450605392456, 1.0541597604751587, 0.6294439435005188, 0.4628273844718933, 0.45336201786994934, 0.3534453511238098, 0.33270055055618286, 0.32292863726615906, 0.3651421368122101, 0.6298019289970398, 0.3648155927658081, 0.27156439423561096, 0.24298027157783508, 0.23448121547698975, 0.21270406246185303, 0.21037574112415314, 0.24792055785655975, 0.19336377084255219, 0.1648748368024826, 0.1499846875667572, 0.2168625146150589, 0.13466356694698334, 0.12004575878381729, 0.1265154480934143, 0.11919540911912918, 0.11215997487306595, 0.09890248626470566, 0.15614159405231476, NaN]}