{"opt": [0.7048951048951049, 0.8853146853146853, 0.9328671328671329, 0.9286713286713286, 0.9524475524475524, 0.9916083916083916, 0.9846153846153847, 0.9944055944055944, 0.9832167832167832, 0.9874125874125874, 1.0, 0.9944055944055944, 1.0, 0.9258741258741259, 0.9748251748251748, 1.0, 1.0, 1.0, 1.0, 1.0, 1.0, 1.0, 1.0, 1.0, 0.9972027972027973, 0.9888111888111888, 0.9888111888111888, 0.9888111888111888, 0.986013986013986, 0.9832167832167832, 0.9818181818181818, 0.9846153846153847, 0.986013986013986, "nan"], "subopt": [0.1888111888111888, 0.06853146853146853, 0.04195804195804196, 0.057342657342657345, 0.03776223776223776, 0.0013986013986013986, 0.015384615384615385, 0.005594405594405594, 0.016783216783216783, 0.009790209790209791, 0.0, 0.005594405594405594, 0.0, 0.07412587412587412, 0.005594405594405594, 0.0, 0.0, 0.0, 0.0, 0.0, 0.0, 0.0, 0.0, 0.0, 0.002797202797202797, 0.002797202797202797, 0.0, 0.0, 0.008391608391608392, 0.004195804195804196, 0.006993006993006993, 0.005594405594405594, 0.002797202797202797, "nan"], "wrong": [0.1062937062937063, 0.046153846153846156, 0.025174825174825177, 0.013986013986013986, 0.009790209790209791, 0.006993006993006993, 0.0, 0.0, 0.0, 0.002797202797202797, 0.0, 0.0, 0.0, 0.0, 0.019580419580419582, 0.0, 0.0, 0.0, 0.0, 0.0, 0.0, 0.0, 0.0, 0.0, 0.0, 0.008391608391608392, 0.011188811188811189, 0.011188811188811189, 0.005594405594405594, 0.012587412587412588, 0.011188811188811189, 0.009790209790209791, 0.011188811188811189, "nan"]}