{"opt": [0.4013986013986014, 0.8517482517482518, 0.9454545454545454, 0.9356643356643357, 0.9566433566433566, 0.9440559440559441, 0.9552447552447553, 0.9370629370629371, 0.9678321678321679, 0.9300699300699301, 0.9202797202797203, 0.8951048951048951, 0.8573426573426574, 0.9384615384615385, 0.916083916083916, 0.9048951048951049, 0.9328671328671329, 0.9454545454545454, 0.9188811188811189, 0.8811188811188811, 0.8811188811188811, 0.8685314685314686, 0.9048951048951049, 0.8797202797202798, 0.7902097902097902, 0.8223776223776224, 0.7986013986013986, 0.7440559440559441], "subopt": [0.29790209790209793, 0.12027972027972028, 0.05314685314685315, 0.01818181818181818, 0.015384615384615385, 0.04755244755244755, 0.012587412587412588, 0.027972027972027972, 0.015384615384615385, 0.02937062937062937, 0.06153846153846154, 0.07132867132867132, 0.0937062937062937, 0.04055944055944056, 0.055944055944055944, 0.06713286713286713, 0.046153846153846156, 0.044755244755244755, 0.06293706293706294, 0.07272727272727272, 0.02937062937062937, 0.043356643356643354, 0.04195804195804196, 0.04055944055944056, 0.0993006993006993, 0.06853146853146853, 0.08951048951048951, 0.14265734265734265], "wrong": [0.3006993006993007, 0.027972027972027972, 0.0013986013986013986, 0.046153846153846156, 0.027972027972027972, 0.008391608391608392, 0.032167832167832165, 0.03496503496503497, 0.016783216783216783, 0.04055944055944056, 0.01818181818181818, 0.033566433566433566, 0.04895104895104895, 0.02097902097902098, 0.027972027972027972, 0.027972027972027972, 0.02097902097902098, 0.009790209790209791, 0.01818181818181818, 0.046153846153846156, 0.08951048951048951, 0.08811188811188811, 0.05314685314685315, 0.07972027972027972, 0.11048951048951049, 0.10909090909090909, 0.11188811188811189, 0.11328671328671329]}