{"opt": [0.26153846153846155, 0.8657342657342657, 0.8993006993006993, 0.9188811188811189, 0.9216783216783216, 0.8881118881118881, 0.9328671328671329, 0.9062937062937063, 0.9034965034965035, 0.9104895104895104, 0.9398601398601398, 0.9538461538461539, 0.9370629370629371, 0.9244755244755245, 0.9174825174825175, 0.916083916083916, 0.9006993006993007, 0.9216783216783216, 0.8839160839160839, 0.972027972027972, 0.9342657342657342, 0.9440559440559441, 0.8727272727272727, 0.9020979020979021, 0.9104895104895104, "nan"], "subopt": [0.34265734265734266, 0.08391608391608392, 0.07692307692307693, 0.044755244755244755, 0.05174825174825175, 0.0937062937062937, 0.03076923076923077, 0.03636363636363636, 0.039160839160839164, 0.06993006993006994, 0.033566433566433566, 0.032167832167832165, 0.05034965034965035, 0.027972027972027972, 0.015384615384615385, 0.008391608391608392, 0.06293706293706294, 0.046153846153846156, 0.08811188811188811, 0.022377622377622378, 0.05454545454545454, 0.055944055944055944, 0.10909090909090909, 0.07832167832167833, 0.06153846153846154, "nan"], "wrong": [0.3958041958041958, 0.05034965034965035, 0.023776223776223775, 0.03636363636363636, 0.026573426573426574, 0.01818181818181818, 0.03636363636363636, 0.057342657342657345, 0.057342657342657345, 0.019580419580419582, 0.026573426573426574, 0.013986013986013986, 0.012587412587412588, 0.04755244755244755, 0.06713286713286713, 0.07552447552447553, 0.03636363636363636, 0.032167832167832165, 0.027972027972027972, 0.005594405594405594, 0.011188811188811189, 0.0, 0.01818181818181818, 0.019580419580419582, 0.027972027972027972, "nan"]}