{"opt": [0.34825174825174826, 0.7356643356643356, 0.8685314685314686, 0.9370629370629371, 0.9230769230769231, 0.9664335664335665, 0.9370629370629371, 0.9272727272727272, 0.9300699300699301, 0.9230769230769231, 0.9216783216783216, 0.9230769230769231, 0.9216783216783216, 0.9216783216783216, 0.9300699300699301, 0.9426573426573427, 0.9328671328671329, 0.9468531468531468, 0.9286713286713286, 0.9202797202797203, 0.8685314685314686, 0.8769230769230769, 0.8419580419580419, 0.8391608391608392, 0.7986013986013986, 0.7608391608391608, 0.765034965034965, 0.8027972027972028], "subopt": [0.3384615384615385, 0.15944055944055943, 0.0979020979020979, 0.05174825174825175, 0.044755244755244755, 0.011188811188811189, 0.05314685314685315, 0.06433566433566433, 0.039160839160839164, 0.055944055944055944, 0.044755244755244755, 0.03076923076923077, 0.009790209790209791, 0.0013986013986013986, 0.023776223776223775, 0.026573426573426574, 0.043356643356643354, 0.03076923076923077, 0.04755244755244755, 0.03636363636363636, 0.07972027972027972, 0.08111888111888112, 0.1048951048951049, 0.1062937062937063, 0.12307692307692308, 0.16363636363636364, 0.17342657342657342, 0.13846153846153847], "wrong": [0.3132867132867133, 0.1048951048951049, 0.033566433566433566, 0.011188811188811189, 0.032167832167832165, 0.022377622377622378, 0.009790209790209791, 0.008391608391608392, 0.03076923076923077, 0.02097902097902098, 0.033566433566433566, 0.046153846153846156, 0.06853146853146853, 0.07692307692307693, 0.046153846153846156, 0.03076923076923077, 0.023776223776223775, 0.022377622377622378, 0.023776223776223775, 0.043356643356643354, 0.05174825174825175, 0.04195804195804196, 0.05314685314685315, 0.05454545454545454, 0.07832167832167833, 0.07552447552447553, 0.06153846153846154, 0.05874125874125874]}