{"loss": [0.009292032569646835, 0.032840829342603683, 0.004204270429909229, 0.0034278712701052427, 0.0023064122069627047, 0.0013335425173863769, 0.0014406293630599976, 0.000936809170525521, 0.0012801246484741569, 0.0006585678784176707, 0.00041424069786444306, 0.000404955237172544, 0.00036916229873895645, 0.00033922260627150536, 0.00022526312386617064, 0.001125923590734601, 0.000943851366173476, 0.00027475590468384326, 0.0002362132363487035, 0.0001932894519995898, 0.000299981766147539, 0.00021564873168244958, 0.00016856720321811736, 0.00017880433006212115, 0.00040152310975827277, 0.0002289878757437691, 0.0001237922115251422, 0.00015763846749905497, 0.00013428606325760484, 0.00010925957030849531, 0.00012177963799331337, 0.00014726350491400808, 9.43952618399635e-05, 8.087945025181398e-05, 7.791768439346924e-05, 8.076095400610939e-05, 9.566254448145628e-05, 6.896801642142236e-05, 6.238268542801961e-05, 6.277638021856546e-05, 4.2946201574523e-05, 0.00013683551514986902, 7.39403985789977e-05, 4.322671884438023e-05, 4.446218372322619e-05, 4.5261589548317716e-05, 4.651990457205102e-05, 6.738696538377553e-05, 3.7251847970765084e-05, 3.88043699786067e-05, 5.147425690665841e-05, 3.7211080780252814e-05, 3.429159914958291e-05, 5.0773520342772827e-05, 3.471230229479261e-05, 5.395479092840105e-05, 3.1341427529696375e-05, 4.074709795531817e-05, 3.614158777054399e-05, 3.500805178191513e-05, 2.7111065719509497e-05, 3.0101513402769342e-05, 4.920174978906289e-05, 2.7909729396924376e-05, 2.551767829572782e-05, 4.818561501451768e-05, 2.491783925506752e-05, 2.3132584828999825e-05, 2.6016374249593355e-05, 2.8456654035835527e-05, 3.0159206289681606e-05, 2.9969969546073116e-05, 2.3609905838384293e-05, 2.2301406715996563e-05, 2.6837280529434793e-05, 2.5548382836859673e-05, 2.4138338631018996e-05, 4.210832776152529e-05, 2.4949227736215107e-05, 2.3978753233677708e-05, 2.0335141016403213e-05, 2.346140900044702e-05, 2.184249387937598e-05, 2.4298524294863455e-05, 3.064027987420559e-05, 2.1294788894010708e-05, 2.1846755771548487e-05, 2.755790228547994e-05, 2.0699257220258005e-05, 2.1416733943624422e-05, 2.758853224804625e-05, 2.314502307854127e-05, 2.3323638743022457e-05, 2.13327966775978e-05, 2.44790680881124e-05, 2.0289246094762348e-05, 2.211084392911289e-05, 1.75561635842314e-05, 1.8521670426707715e-05, 6.226246478036046e-05, 1.665701529418584e-05], "eloss": [0.006893628276884556, 0.031019136309623718, 0.002142489654943347, 0.0017594199161976576, 0.0011886795982718468, 0.0007884136284701526, 0.0009613351430743933, 0.0006079396698623896, 0.0008330517448484898, 0.00040532139246352017, 0.00024738640058785677, 0.0002315832971362397, 0.00020864368707407266, 0.00016700562264304608, 9.059510921360925e-05, 0.0008327864343300462, 0.00042409281013533473, 0.0001134497724706307, 9.392693755216897e-05, 6.59873039694503e-05, 0.0001622299459995702, 8.629435615148395e-05, 5.7918881793739274e-05, 6.71374291414395e-05, 0.00023941237304825336, 9.708540164865553e-05, 2.7470352506497875e-05, 6.0880851378897205e-05, 4.813634586753324e-05, 2.9961012842250057e-05, 4.551008532871492e-05, 5.823384708492085e-05, 2.844587834260892e-05, 2.403860526101198e-05, 2.2422194888349622e-05, 2.5514207663945854e-05, 3.792328425333835e-05, 2.1149984604562633e-05, 1.9317914848215878e-05, 2.2674310457659885e-05, 9.697541827335954e-06, 7.096712943166494e-05, 2.3287158910534345e-05, 1.1801012078649364e-05, 1.4451259630732238e-05, 1.3475667401507962e-05, 1.555433300381992e-05, 2.753655098786112e-05, 1.0349630429118406e-05, 1.0525823199714068e-05, 1.9247818272560835e-05, 9.654374480305705e-06, 8.599890861660242e-06, 1.8668006305233575e-05, 9.780783329915721e-06, 2.0937966837664135e-05, 7.923606062831823e-06, 1.2586547200044151e-05, 9.580454388924409e-06, 1.0386601388745476e-05, 5.9515523389563896e-06, 7.756784725643229e-06, 1.8242615624330938e-05, 6.494864010164747e-06, 4.715939212474041e-06, 1.8725952031672932e-05, 5.271094778436236e-06, 4.579465894494206e-06, 5.9659878388629295e-06, 7.668818398087751e-06, 7.90241847425932e-06, 8.475431059196126e-06, 4.049937615491217e-06, 3.674064601000282e-06, 6.4209316406049766e-06, 5.51312541574589e-06, 5.9725161918322556e-06, 1.4676949831482489e-05, 5.19291188538773e-06, 4.919481398246717e-06, 3.755650141101796e-06, 5.044735189585481e-06, 4.395273208501749e-06, 6.7262130869494285e-06, 8.693126801517792e-06, 4.15510203310987e-06, 4.440531483851373e-06, 7.162187102949247e-06, 3.76378034161462e-06, 4.222911684337305e-06, 8.599010470788926e-06, 5.43032365385443e-06, 5.816953034809558e-06, 4.525582426140318e-06, 5.8044092838827055e-06, 3.910516625182936e-06, 5.27000929650967e-06, 2.7055646114604315e-06, 3.712205852934858e-06, 3.2571952033322304e-05, 2.822859642037656e-06], "siamloss": [2.3983945846557617, 1.8217295408248901, 2.0617804527282715, 1.6684514284133911, 1.1177334785461426, 0.5451290011405945, 0.47929516434669495, 0.3288699686527252, 0.4470711946487427, 0.2532466948032379, 0.16685430705547333, 0.1733717918395996, 0.1605185717344284, 0.1722172498703003, 0.13466794788837433, 0.29313814640045166, 0.5197587609291077, 0.16130605340003967, 0.1422862708568573, 0.1273021101951599, 0.13775178790092468, 0.1293543577194214, 0.11064837127923965, 0.11166685819625854, 0.1621105968952179, 0.13190247118473053, 0.09632182121276855, 0.09675764292478561, 0.0861496701836586, 0.07929855585098267, 0.07626951485872269, 0.08902968466281891, 0.0659494549036026, 0.05684085190296173, 0.05549541115760803, 0.055246733129024506, 0.0577392540872097, 0.04781798645853996, 0.04306478798389435, 0.04010205715894699, 0.0332486554980278, 0.0658683255314827, 0.05065319314599037, 0.03142573684453964, 0.030010944232344627, 0.03178591653704643, 0.030965564772486687, 0.03985043242573738, 0.02690223790705204, 0.028278591111302376, 0.032226406037807465, 0.02755669876933098, 0.02569173276424408, 0.032105494290590286, 0.024931514635682106, 0.033016834408044815, 0.023417847231030464, 0.02816052921116352, 0.026561139151453972, 0.024621427059173584, 0.021159514784812927, 0.02234472706913948, 0.0309591144323349, 0.02141484059393406, 0.020801741629838943, 0.02945968322455883, 0.019646726548671722, 0.018553098663687706, 0.02005038782954216, 0.02078782394528389, 0.022256791591644287, 0.02149452641606331, 0.019559970125555992, 0.018627362325787544, 0.020416345447301865, 0.020035261288285255, 0.01816580630838871, 0.027431396767497063, 0.019756322726607323, 0.019059259444475174, 0.016579490154981613, 0.01841665245592594, 0.017447220161557198, 0.0175723098218441, 0.02194714918732643, 0.017139684408903122, 0.017406228929758072, 0.020395716652274132, 0.016935478895902634, 0.01719382405281067, 0.018989508971571922, 0.017714694142341614, 0.017506683245301247, 0.016807202249765396, 0.018674669787287712, 0.016378719359636307, 0.016840824857354164, 0.014850586652755737, 0.014809472486376762, 0.029690468683838844, 0.013834144920110703]}