{"opt": [0.43356643356643354, 0.8755244755244755, 0.9370629370629371, 0.9594405594405594, 0.9846153846153847, 0.9958041958041958, 1.0, 0.9902097902097902, 1.0, 1.0, 1.0, 1.0, 1.0, 1.0, 1.0, 0.972027972027972, 1.0, 1.0, 1.0, 1.0, 1.0, 1.0, 1.0, 1.0, 1.0, 1.0, 1.0, 1.0, 1.0, 0.9986013986013986, 0.9986013986013986, 0.9972027972027973, 1.0, 1.0, 1.0, 0.9972027972027973, 0.993006993006993, 0.9944055944055944, 0.9958041958041958, 0.9944055944055944, 0.9888111888111888, 1.0, 0.9916083916083916, 0.986013986013986, 0.9888111888111888, 0.9818181818181818, 0.9748251748251748, 0.9608391608391609, 0.9804195804195804, 0.9846153846153847, 0.9902097902097902, 0.9902097902097902, 0.9958041958041958, 0.9804195804195804, 0.9664335664335665, 0.9804195804195804, 0.9762237762237762, 0.9902097902097902, 0.9902097902097902, 0.993006993006993, 0.9888111888111888, 0.9986013986013986, 1.0, 0.9902097902097902, 0.9888111888111888, 1.0, 0.9986013986013986, 0.9986013986013986, 0.9986013986013986, 0.9986013986013986, 0.9986013986013986, 1.0, 1.0, 0.9986013986013986, 1.0, 0.9986013986013986, 1.0, 1.0, 0.9986013986013986, 0.9986013986013986, 0.9986013986013986, 1.0, 0.9986013986013986, 1.0, 1.0, 0.9986013986013986, 1.0, 1.0, 0.9986013986013986, 0.9986013986013986, 0.9986013986013986, 0.9986013986013986, 0.9986013986013986, 0.9986013986013986, 1.0, 1.0, 1.0, 1.0, 0.9986013986013986, 1.0, 0.9986013986013986], "subopt": [0.2867132867132867, 0.07832167832167833, 0.05874125874125874, 0.03636363636363636, 0.002797202797202797, 0.004195804195804196, 0.0, 0.006993006993006993, 0.0, 0.0, 0.0, 0.0, 0.0, 0.0, 0.0, 0.027972027972027972, 0.0, 0.0, 0.0, 0.0, 0.0, 0.0, 0.0, 0.0, 0.0, 0.0, 0.0, 0.0, 0.0, 0.0013986013986013986, 0.0013986013986013986, 0.002797202797202797, 0.0, 0.0, 0.0, 0.002797202797202797, 0.006993006993006993, 0.005594405594405594, 0.004195804195804196, 0.004195804195804196, 0.008391608391608392, 0.0, 0.006993006993006993, 0.008391608391608392, 0.011188811188811189, 0.013986013986013986, 0.016783216783216783, 0.016783216783216783, 0.009790209790209791, 0.005594405594405594, 0.009790209790209791, 0.009790209790209791, 0.004195804195804196, 0.009790209790209791, 0.025174825174825177, 0.012587412587412588, 0.013986013986013986, 0.009790209790209791, 0.009790209790209791, 0.006993006993006993, 0.011188811188811189, 0.0013986013986013986, 0.0, 0.009790209790209791, 0.011188811188811189, 0.0, 0.0013986013986013986, 0.0013986013986013986, 0.0013986013986013986, 0.0013986013986013986, 0.0013986013986013986, 0.0, 0.0, 0.0013986013986013986, 0.0, 0.0013986013986013986, 0.0, 0.0, 0.0013986013986013986, 0.0013986013986013986, 0.0013986013986013986, 0.0, 0.0013986013986013986, 0.0, 0.0, 0.0013986013986013986, 0.0, 0.0, 0.0013986013986013986, 0.0013986013986013986, 0.0013986013986013986, 0.0013986013986013986, 0.0013986013986013986, 0.0013986013986013986, 0.0, 0.0, 0.0, 0.0, 0.0013986013986013986, 0.0, 0.0013986013986013986], "wrong": [0.27972027972027974, 0.046153846153846156, 0.004195804195804196, 0.004195804195804196, 0.012587412587412588, 0.0, 0.0, 0.002797202797202797, 0.0, 0.0, 0.0, 0.0, 0.0, 0.0, 0.0, 0.0, 0.0, 0.0, 0.0, 0.0, 0.0, 0.0, 0.0, 0.0, 0.0, 0.0, 0.0, 0.0, 0.0, 0.0, 0.0, 0.0, 0.0, 0.0, 0.0, 0.0, 0.0, 0.0, 0.0, 0.0013986013986013986, 0.002797202797202797, 0.0, 0.0013986013986013986, 0.005594405594405594, 0.0, 0.004195804195804196, 0.008391608391608392, 0.022377622377622378, 0.009790209790209791, 0.009790209790209791, 0.0, 0.0, 0.0, 0.009790209790209791, 0.008391608391608392, 0.006993006993006993, 0.009790209790209791, 0.0, 0.0, 0.0, 0.0, 0.0, 0.0, 0.0, 0.0, 0.0, 0.0, 0.0, 0.0, 0.0, 0.0, 0.0, 0.0, 0.0, 0.0, 0.0, 0.0, 0.0, 0.0, 0.0, 0.0, 0.0, 0.0, 0.0, 0.0, 0.0, 0.0, 0.0, 0.0, 0.0, 0.0, 0.0, 0.0, 0.0, 0.0, 0.0, 0.0, 0.0, 0.0, 0.0, 0.0]}