{"loss": [0.009199238382279873, 0.022430898621678352, 0.0036445208825170994, 0.0029530124738812447, 0.0019864942878484726, 0.001015789108350873, 0.0008384629036299884, 0.0006207169499248266, 0.003057328285649419, 0.0027632296551018953, 0.001247826381586492, 0.0007432627608068287, 0.0004798231821041554, 0.0004128042492084205, 0.0003507121582515538, 0.0003284194099251181, 0.00031786030740477145, 0.00043520150939002633, 0.00027861460694111884, 0.0002477025846019387, 0.0002130716893589124, 0.00017822366498876363, 0.0015948248328641057, 0.0003188670380041003, 0.00017409217252861708, 0.00016829250671435148, 0.00015025140601210296, 0.0001840377226471901, 0.0001868134131655097, 0.0001549071166664362, 0.0002951907808892429, 0.00018410442862659693, 0.00012069793592672795, 0.00013094274618197232, 0.00016318389680236578, 0.0001676850370131433, 8.926481677917764e-05, 0.00010119045327883214, 9.562930790707469e-05, 0.00012671474542003125, 0.0001217908356920816, 0.00015407682803925127, 0.00012172122660558671, 7.673858635826036e-05, 7.233341602841392e-05, 8.327637624461204e-05, 8.111981878755614e-05, 7.083494710968807e-05, 6.843066512374207e-05, 5.0113219913328066e-05, 7.582995021948591e-05, 5.554255403694697e-05, 0.00011414170148782432, 4.525442636804655e-05, 5.005026832805015e-05, 6.466144986916333e-05, 5.6837037845980376e-05, 4.570011151372455e-05, 4.633528078556992e-05, 4.8655296268407255e-05, 5.043487544753589e-05, 8.767274266574532e-05, 4.0461556636728346e-05, 4.85406162624713e-05, 5.640155359287746e-05, 3.446936170803383e-05, 3.767282760236412e-05, 4.111449379706755e-05, 5.428035001386888e-05, 3.3402237022528425e-05, 3.746298170881346e-05, 3.463852044660598e-05, 4.9724803830031306e-05, 5.7857148931361735e-05, 3.411342913750559e-05, 3.1871870305621997e-05, 2.9369517505983822e-05, 2.8430044039851055e-05, 7.984184776432812e-05, 2.595262776594609e-05, 2.5419945814064704e-05, 2.7089199647889473e-05, 2.73214955086587e-05, 3.0116079869912937e-05, 6.007741831126623e-05, 4.025164889753796e-05, 2.3612095901626162e-05, 2.2183854525792412e-05, 2.3781696654623374e-05, 2.835581653926056e-05, 2.743673394434154e-05, 5.321679054759443e-05, 3.0725270335096866e-05, 3.445048423600383e-05, 2.5881745386868715e-05, 2.221135400759522e-05, 2.8563104933709837e-05, 2.8911994377267547e-05, 3.993904101662338e-05, 2.29407651204383e-05, 2.3093016352504492e-05], "eloss": [0.006801222451031208, 0.02036304958164692, 0.0012794514186680317, 0.001089556491933763, 0.0010940865613520145, 0.0005115189705975354, 0.0004718401178251952, 0.00035453273449093103, 0.0011887064902111888, 0.001200624741613865, 0.0007096792687661946, 0.00045791405136696994, 0.00027042123838327825, 0.00022461485059466213, 0.00018603411444928497, 0.0001698112755548209, 0.00016960727225523442, 0.0002553939411882311, 0.0001367488584946841, 0.00011021007230738178, 8.901450200937688e-05, 6.530999962706119e-05, 0.0012262811651453376, 0.00012817302194889635, 5.7282821217086166e-05, 6.404698069673032e-05, 5.661678369506262e-05, 8.507040911354125e-05, 8.629120566183701e-05, 6.936384306754917e-05, 0.0001688848133198917, 7.710023055551574e-05, 4.338556027505547e-05, 5.406212585512549e-05, 7.795068086124957e-05, 8.523096039425582e-05, 2.3586022507515736e-05, 4.0604998503113165e-05, 3.779526014113799e-05, 6.620017666136846e-05, 5.370077269617468e-05, 8.311269630212337e-05, 5.0477934564696625e-05, 2.8658454539254308e-05, 2.661604776221793e-05, 3.6643719795392826e-05, 3.442101660766639e-05, 3.0732615414308384e-05, 2.8554724849527702e-05, 1.6940912246354856e-05, 3.489970549708232e-05, 2.214961568824947e-05, 6.176261376822367e-05, 1.4520182958221994e-05, 1.9633855117717758e-05, 2.97862079605693e-05, 2.4846227461239323e-05, 1.6357971617253497e-05, 1.673680526437238e-05, 1.9379134755581617e-05, 2.1251471480354667e-05, 4.257381442585029e-05, 1.3408374798018485e-05, 2.0011359083582647e-05, 2.562346162449103e-05, 9.973763553716708e-06, 1.3665404367202427e-05, 1.4832338820269797e-05, 2.2707012249156833e-05, 1.0017382010119036e-05, 1.202784369525034e-05, 1.1506269402161706e-05, 2.0255827621440403e-05, 2.7771093300543725e-05, 1.0711107279348653e-05, 9.73673741100356e-06, 9.267653695133049e-06, 8.330245691468008e-06, 4.367911606095731e-05, 6.69590144752874e-06, 6.75436149322195e-06, 6.763560122635681e-06, 7.461559107468929e-06, 9.205804417433683e-06, 2.8167058189865202e-05, 1.5425104720634408e-05, 4.78455149277579e-06, 4.766245638165856e-06, 5.324482572177658e-06, 8.784518286120147e-06, 7.698307854298037e-06, 2.5113122319453396e-05, 9.592938113200944e-06, 1.1804918358393479e-05, 6.729035703756381e-06, 4.650590653909603e-06, 8.558004992664792e-06, 8.890112439985387e-06, 1.5392719433293678e-05, 4.546906438918086e-06, 5.855617928318679e-06], "siamloss": [2.3980209827423096, 2.0678534507751465, 2.3650691509246826, 1.8634567260742188, 0.8924076557159424, 0.5042698383331299, 0.3666227459907532, 0.26618441939353943, 1.8686224222183228, 1.5626035928726196, 0.5381473302841187, 0.285349041223526, 0.20940183103084564, 0.18818944692611694, 0.16467806696891785, 0.1586080938577652, 0.14825306832790375, 0.17980779707431793, 0.14186562597751617, 0.1374925971031189, 0.12405706942081451, 0.11291377991437912, 0.3685433268547058, 0.19069436192512512, 0.11680934578180313, 0.10424557328224182, 0.09363459050655365, 0.09896726906299591, 0.10052213072776794, 0.08554327487945557, 0.12630584836006165, 0.1070043295621872, 0.07731238007545471, 0.07688060402870178, 0.08523301780223846, 0.08245398849248886, 0.06567882746458054, 0.06058548018336296, 0.05783401057124138, 0.060514502227306366, 0.06809008121490479, 0.07096410542726517, 0.0712432786822319, 0.048080138862133026, 0.045717377215623856, 0.04663265123963356, 0.04669874906539917, 0.040102358907461166, 0.039875999093055725, 0.03317234665155411, 0.04093025252223015, 0.03339296206831932, 0.05237907916307449, 0.030734237283468246, 0.030416345223784447, 0.03487526252865791, 0.031990811228752136, 0.02934214472770691, 0.02959849126636982, 0.029276136308908463, 0.02918339893221855, 0.045098915696144104, 0.02705317735671997, 0.028529275208711624, 0.030778098851442337, 0.024495603516697884, 0.024007422849535942, 0.02628212980926037, 0.03157331421971321, 0.023384839296340942, 0.02543516643345356, 0.023132260888814926, 0.02946900576353073, 0.030086060985922813, 0.02340233325958252, 0.022135168313980103, 0.02010187692940235, 0.02009980008006096, 0.03616267815232277, 0.019256718456745148, 0.01866558939218521, 0.02032563090324402, 0.019859928637742996, 0.02091026119887829, 0.031910382211208344, 0.0248265378177166, 0.0188275333493948, 0.017417628318071365, 0.01845722272992134, 0.019571304321289062, 0.019738441333174706, 0.028103642165660858, 0.02113236114382744, 0.02264559268951416, 0.019152706488966942, 0.01756076142191887, 0.02000509947538376, 0.020021865144371986, 0.024546286091208458, 0.018393853679299355, 0.017237404361367226]}