{"opt": [0.2727272727272727, 0.848951048951049, 0.9370629370629371, 0.9818181818181818, 0.9594405594405594, 0.993006993006993, 1.0, 1.0, 0.951048951048951, 0.993006993006993, 0.9902097902097902, 1.0, 1.0, 1.0, 0.9944055944055944, 0.9958041958041958, 0.9748251748251748, 0.986013986013986, 0.972027972027972, 0.9986013986013986, 0.9986013986013986, 0.9888111888111888, 0.972027972027972, 0.9986013986013986, 0.9818181818181818, 0.9706293706293706, 0.9776223776223776, 0.993006993006993, 0.9734265734265735, 0.9790209790209791, 0.986013986013986, 0.9790209790209791, 0.972027972027972, 0.9734265734265735, 0.9846153846153847, 0.9846153846153847, 0.9706293706293706, 0.9776223776223776, 0.9762237762237762, 0.9776223776223776, 0.9818181818181818, 0.9818181818181818, 0.9888111888111888, 0.9664335664335665, 0.9734265734265735, 0.9706293706293706, 0.9692307692307692, 0.972027972027972, 0.965034965034965, 0.9678321678321679, 0.9706293706293706, 0.9762237762237762, 0.9706293706293706, 0.9748251748251748, 0.9748251748251748, 0.986013986013986, 0.9748251748251748, 0.9832167832167832, 0.9902097902097902, 0.9804195804195804, 0.9790209790209791, 0.9916083916083916, 0.9874125874125874, 0.9916083916083916, 0.9916083916083916, 0.9944055944055944, 0.9958041958041958, 0.9958041958041958, 0.9902097902097902, 0.9944055944055944, 0.9944055944055944, 0.9944055944055944, 0.9874125874125874, 0.9986013986013986, 0.9958041958041958, 0.9972027972027973, 0.9986013986013986, 1.0, 0.9986013986013986, 0.9972027972027973, 0.9958041958041958, 0.9986013986013986, 1.0, 1.0, 0.9972027972027973, 0.9972027972027973, 0.9972027972027973, 0.9986013986013986, 0.9986013986013986, 0.9986013986013986, 0.9986013986013986, 0.9986013986013986, 0.9986013986013986, 0.9972027972027973, 0.9986013986013986, 1.0, 1.0, 1.0, 1.0, 1.0, 1.0], "subopt": [0.33426573426573425, 0.1020979020979021, 0.03496503496503497, 0.01818181818181818, 0.032167832167832165, 0.005594405594405594, 0.0, 0.0, 0.04895104895104895, 0.0013986013986013986, 0.006993006993006993, 0.0, 0.0, 0.0, 0.0, 0.004195804195804196, 0.023776223776223775, 0.013986013986013986, 0.008391608391608392, 0.0013986013986013986, 0.0013986013986013986, 0.005594405594405594, 0.026573426573426574, 0.0, 0.011188811188811189, 0.01818181818181818, 0.013986013986013986, 0.004195804195804196, 0.015384615384615385, 0.0013986013986013986, 0.009790209790209791, 0.015384615384615385, 0.02097902097902098, 0.009790209790209791, 0.013986013986013986, 0.009790209790209791, 0.011188811188811189, 0.015384615384615385, 0.006993006993006993, 0.015384615384615385, 0.006993006993006993, 0.016783216783216783, 0.006993006993006993, 0.016783216783216783, 0.012587412587412588, 0.015384615384615385, 0.012587412587412588, 0.013986013986013986, 0.015384615384615385, 0.009790209790209791, 0.006993006993006993, 0.015384615384615385, 0.012587412587412588, 0.004195804195804196, 0.006993006993006993, 0.006993006993006993, 0.009790209790209791, 0.004195804195804196, 0.004195804195804196, 0.009790209790209791, 0.011188811188811189, 0.004195804195804196, 0.004195804195804196, 0.006993006993006993, 0.006993006993006993, 0.0, 0.002797202797202797, 0.002797202797202797, 0.008391608391608392, 0.004195804195804196, 0.002797202797202797, 0.004195804195804196, 0.009790209790209791, 0.0, 0.004195804195804196, 0.0013986013986013986, 0.0, 0.0, 0.0013986013986013986, 0.002797202797202797, 0.004195804195804196, 0.0013986013986013986, 0.0, 0.0, 0.002797202797202797, 0.002797202797202797, 0.0013986013986013986, 0.0013986013986013986, 0.0013986013986013986, 0.0013986013986013986, 0.0013986013986013986, 0.0013986013986013986, 0.0013986013986013986, 0.0013986013986013986, 0.0013986013986013986, 0.0, 0.0, 0.0, 0.0, 0.0, 0.0], "wrong": [0.393006993006993, 0.04895104895104895, 0.027972027972027972, 0.0, 0.008391608391608392, 0.0013986013986013986, 0.0, 0.0, 0.0, 0.005594405594405594, 0.002797202797202797, 0.0, 0.0, 0.0, 0.005594405594405594, 0.0, 0.0013986013986013986, 0.0, 0.019580419580419582, 0.0, 0.0, 0.005594405594405594, 0.0013986013986013986, 0.0013986013986013986, 0.006993006993006993, 0.011188811188811189, 0.008391608391608392, 0.002797202797202797, 0.011188811188811189, 0.019580419580419582, 0.004195804195804196, 0.005594405594405594, 0.006993006993006993, 0.016783216783216783, 0.0013986013986013986, 0.005594405594405594, 0.01818181818181818, 0.006993006993006993, 0.016783216783216783, 0.006993006993006993, 0.011188811188811189, 0.0013986013986013986, 0.004195804195804196, 0.016783216783216783, 0.013986013986013986, 0.013986013986013986, 0.01818181818181818, 0.013986013986013986, 0.019580419580419582, 0.022377622377622378, 0.022377622377622378, 0.008391608391608392, 0.016783216783216783, 0.02097902097902098, 0.01818181818181818, 0.006993006993006993, 0.015384615384615385, 0.012587412587412588, 0.005594405594405594, 0.009790209790209791, 0.009790209790209791, 0.004195804195804196, 0.008391608391608392, 0.0013986013986013986, 0.0013986013986013986, 0.005594405594405594, 0.0013986013986013986, 0.0013986013986013986, 0.0013986013986013986, 0.0013986013986013986, 0.002797202797202797, 0.0013986013986013986, 0.002797202797202797, 0.0013986013986013986, 0.0, 0.0013986013986013986, 0.0013986013986013986, 0.0, 0.0, 0.0, 0.0, 0.0, 0.0, 0.0, 0.0, 0.0, 0.0013986013986013986, 0.0, 0.0, 0.0, 0.0, 0.0, 0.0, 0.0013986013986013986, 0.0, 0.0, 0.0, 0.0, 0.0, 0.0, 0.0]}