{"opt": [0.3174825174825175, 0.6055944055944056, 0.6937062937062937, 0.737062937062937, 0.8041958041958042, 0.7958041958041958, 0.8643356643356643, 0.8923076923076924, 0.8517482517482518, 0.916083916083916, 0.9300699300699301, 0.9552447552447553, 0.9034965034965035, 0.9328671328671329, 0.9384615384615385, 0.9874125874125874, 0.9468531468531468, 0.9552447552447553, 0.951048951048951, 0.9552447552447553, 0.9608391608391609, 0.8993006993006993, 0.9818181818181818, 0.9692307692307692, 0.9664335664335665, 0.9734265734265735, 0.9496503496503497, 0.9762237762237762, 0.993006993006993, 0.9972027972027973, 0.9790209790209791, 0.9790209790209791, 0.9804195804195804, 0.9832167832167832, 0.9608391608391609, 0.9902097902097902, 0.9566433566433566, 0.986013986013986, 0.9706293706293706, 0.986013986013986, 0.965034965034965, 0.9748251748251748, 0.972027972027972, 0.9748251748251748, 0.972027972027972, 0.9734265734265735, 0.9622377622377623, 0.9762237762237762, 0.993006993006993, 0.9762237762237762, 0.9706293706293706, 0.9916083916083916, 0.9902097902097902, 0.9692307692307692, 0.9874125874125874, 0.986013986013986, 0.9916083916083916, 0.9748251748251748, 0.9902097902097902, 0.993006993006993, 0.9916083916083916, 0.9776223776223776, 0.9902097902097902, 0.9944055944055944, 0.9958041958041958, 1.0, 0.9916083916083916, 0.9972027972027973, 0.9846153846153847, 0.9776223776223776, 1.0, 0.9622377622377623, 0.9818181818181818, 0.9594405594405594, 0.9874125874125874, 0.9958041958041958, 0.9986013986013986, 0.9888111888111888, 0.9748251748251748, 0.9986013986013986, 0.9888111888111888, 0.9902097902097902, 0.9916083916083916, 0.986013986013986, 0.986013986013986, 0.9902097902097902, 0.9818181818181818, 0.9944055944055944, 0.9944055944055944, 0.9762237762237762, 0.9972027972027973, 0.9776223776223776, 0.9846153846153847, 0.9790209790209791, 0.9916083916083916, 0.9944055944055944, 1.0, 0.9958041958041958, 0.986013986013986, 0.9916083916083916, 0.993006993006993], "subopt": [0.3174825174825175, 0.206993006993007, 0.17622377622377622, 0.16643356643356644, 0.12167832167832168, 0.14125874125874127, 0.07972027972027972, 0.08811188811188811, 0.11188811188811189, 0.06153846153846154, 0.04755244755244755, 0.012587412587412588, 0.08251748251748252, 0.039160839160839164, 0.03776223776223776, 0.012587412587412588, 0.03496503496503497, 0.039160839160839164, 0.03076923076923077, 0.03496503496503497, 0.027972027972027972, 0.08391608391608392, 0.012587412587412588, 0.02937062937062937, 0.02937062937062937, 0.023776223776223775, 0.043356643356643354, 0.006993006993006993, 0.006993006993006993, 0.0013986013986013986, 0.015384615384615385, 0.015384615384615385, 0.005594405594405594, 0.009790209790209791, 0.026573426573426574, 0.005594405594405594, 0.03776223776223776, 0.011188811188811189, 0.019580419580419582, 0.005594405594405594, 0.027972027972027972, 0.019580419580419582, 0.019580419580419582, 0.011188811188811189, 0.027972027972027972, 0.02097902097902098, 0.032167832167832165, 0.016783216783216783, 0.005594405594405594, 0.023776223776223775, 0.025174825174825177, 0.0013986013986013986, 0.008391608391608392, 0.02937062937062937, 0.011188811188811189, 0.013986013986013986, 0.006993006993006993, 0.019580419580419582, 0.006993006993006993, 0.004195804195804196, 0.008391608391608392, 0.019580419580419582, 0.006993006993006993, 0.0013986013986013986, 0.004195804195804196, 0.0, 0.008391608391608392, 0.002797202797202797, 0.015384615384615385, 0.022377622377622378, 0.0, 0.03076923076923077, 0.01818181818181818, 0.033566433566433566, 0.012587412587412588, 0.004195804195804196, 0.0, 0.011188811188811189, 0.015384615384615385, 0.0, 0.006993006993006993, 0.006993006993006993, 0.005594405594405594, 0.012587412587412588, 0.011188811188811189, 0.009790209790209791, 0.013986013986013986, 0.002797202797202797, 0.005594405594405594, 0.02097902097902098, 0.002797202797202797, 0.019580419580419582, 0.015384615384615385, 0.015384615384615385, 0.005594405594405594, 0.002797202797202797, 0.0, 0.002797202797202797, 0.013986013986013986, 0.006993006993006993, 0.004195804195804196], "wrong": [0.365034965034965, 0.1874125874125874, 0.13006993006993006, 0.0965034965034965, 0.07412587412587412, 0.06293706293706294, 0.055944055944055944, 0.019580419580419582, 0.03636363636363636, 0.022377622377622378, 0.022377622377622378, 0.032167832167832165, 0.013986013986013986, 0.027972027972027972, 0.023776223776223775, 0.0, 0.01818181818181818, 0.005594405594405594, 0.01818181818181818, 0.009790209790209791, 0.011188811188811189, 0.016783216783216783, 0.005594405594405594, 0.0013986013986013986, 0.004195804195804196, 0.002797202797202797, 0.006993006993006993, 0.016783216783216783, 0.0, 0.0013986013986013986, 0.005594405594405594, 0.005594405594405594, 0.013986013986013986, 0.006993006993006993, 0.012587412587412588, 0.004195804195804196, 0.005594405594405594, 0.002797202797202797, 0.009790209790209791, 0.008391608391608392, 0.006993006993006993, 0.005594405594405594, 0.008391608391608392, 0.013986013986013986, 0.0, 0.005594405594405594, 0.005594405594405594, 0.006993006993006993, 0.0013986013986013986, 0.0, 0.004195804195804196, 0.006993006993006993, 0.0013986013986013986, 0.0013986013986013986, 0.0013986013986013986, 0.0, 0.0013986013986013986, 0.005594405594405594, 0.002797202797202797, 0.002797202797202797, 0.0, 0.002797202797202797, 0.002797202797202797, 0.004195804195804196, 0.0, 0.0, 0.0, 0.0, 0.0, 0.0, 0.0, 0.006993006993006993, 0.0, 0.006993006993006993, 0.0, 0.0, 0.0013986013986013986, 0.0, 0.009790209790209791, 0.0013986013986013986, 0.004195804195804196, 0.002797202797202797, 0.002797202797202797, 0.0013986013986013986, 0.002797202797202797, 0.0, 0.004195804195804196, 0.002797202797202797, 0.0, 0.002797202797202797, 0.0, 0.002797202797202797, 0.0, 0.005594405594405594, 0.002797202797202797, 0.002797202797202797, 0.0, 0.0013986013986013986, 0.0, 0.0013986013986013986, 0.002797202797202797]}