{"opt": [0.38741258741258744, 0.8671328671328671, 0.8881118881118881, 0.9104895104895104, 0.8825174825174825, 0.855944055944056, 0.8587412587412587, 0.8587412587412587, 0.8657342657342657, 0.8671328671328671, 0.8727272727272727, 0.8965034965034965, 0.8965034965034965, 0.8699300699300699, 0.8741258741258742, 0.8839160839160839, 0.9006993006993007, 0.8965034965034965, 0.8825174825174825, 0.8853146853146853, 0.8965034965034965, 0.8993006993006993, 0.8951048951048951, 0.9076923076923077, 0.9076923076923077, 0.8993006993006993, 0.9062937062937063, 0.8685314685314686, 0.8503496503496504, 0.8783216783216783, 0.8727272727272727, 0.8573426573426574], "subopt": [0.3258741258741259, 0.06153846153846154, 0.033566433566433566, 0.011188811188811189, 0.06713286713286713, 0.05034965034965035, 0.043356643356643354, 0.06293706293706294, 0.05034965034965035, 0.016783216783216783, 0.033566433566433566, 0.008391608391608392, 0.06713286713286713, 0.02097902097902098, 0.043356643356643354, 0.026573426573426574, 0.016783216783216783, 0.039160839160839164, 0.023776223776223775, 0.05174825174825175, 0.027972027972027972, 0.008391608391608392, 0.02937062937062937, 0.022377622377622378, 0.03636363636363636, 0.032167832167832165, 0.04755244755244755, 0.05874125874125874, 0.07692307692307693, 0.044755244755244755, 0.057342657342657345, 0.06293706293706294], "wrong": [0.2867132867132867, 0.07132867132867132, 0.07832167832167833, 0.07832167832167833, 0.05034965034965035, 0.0937062937062937, 0.0979020979020979, 0.07832167832167833, 0.08391608391608392, 0.11608391608391608, 0.0937062937062937, 0.0951048951048951, 0.03636363636363636, 0.10909090909090909, 0.08251748251748252, 0.08951048951048951, 0.08251748251748252, 0.06433566433566433, 0.0937062937062937, 0.06293706293706294, 0.07552447552447553, 0.09230769230769231, 0.07552447552447553, 0.06993006993006994, 0.055944055944055944, 0.06853146853146853, 0.046153846153846156, 0.07272727272727272, 0.07272727272727272, 0.07692307692307693, 0.06993006993006994, 0.07972027972027972]}