{"opt": [0.3006993006993007, 0.5258741258741259, 0.6671328671328671, 0.7076923076923077, 0.8251748251748252, 0.7776223776223776, 0.8643356643356643, 0.9090909090909091, 0.9286713286713286, 0.9006993006993007, 0.9034965034965035, 0.9188811188811189, 0.8867132867132868, 0.951048951048951, 0.9356643356643357, 0.8531468531468531, 0.9412587412587412, 0.9706293706293706, 0.8937062937062937, 0.9762237762237762, 0.9818181818181818, 0.9524475524475524, 0.9902097902097902, 0.9370629370629371, 0.951048951048951, 0.9706293706293706, 0.965034965034965, 0.972027972027972, 0.9342657342657342, 0.9944055944055944, 0.986013986013986, 0.9776223776223776, 0.9622377622377623, 0.951048951048951, 0.9958041958041958, 0.965034965034965, 0.9594405594405594, 0.9552447552447553, 0.9482517482517483, 0.9636363636363636, 0.9790209790209791, 0.9678321678321679, 0.9440559440559441, 0.965034965034965, 0.9426573426573427, 0.9748251748251748, 0.9524475524475524, 0.9594405594405594, 0.965034965034965, 0.9706293706293706, 0.9664335664335665, 0.9384615384615385, 0.9762237762237762, 0.9888111888111888, 0.9440559440559441, 0.9958041958041958, 0.965034965034965, 0.9916083916083916, 0.9622377622377623, 0.986013986013986, 0.9678321678321679, 0.958041958041958, 0.9398601398601398, 0.9496503496503497, 0.9328671328671329, 0.9594405594405594, 0.958041958041958, 0.9244755244755245, 0.9300699300699301, 0.9412587412587412, 0.9370629370629371, 0.9818181818181818, 0.9426573426573427, 0.972027972027972, 0.9454545454545454, 0.9384615384615385, 0.9874125874125874, 0.9524475524475524, 0.9846153846153847, 0.9678321678321679, 0.9734265734265735, 0.9776223776223776, 0.9664335664335665, 0.9538461538461539, 0.9832167832167832, 0.965034965034965, 0.9552447552447553, 0.9608391608391609, 0.9566433566433566, 0.9622377622377623, 0.9398601398601398, 0.9790209790209791, 0.986013986013986, 0.9524475524475524, 0.9762237762237762, 0.972027972027972, 0.986013986013986, 0.9776223776223776, 0.9622377622377623, 0.9678321678321679, 0.9748251748251748], "subopt": [0.3258741258741259, 0.2993006993006993, 0.1944055944055944, 0.15664335664335666, 0.12307692307692308, 0.14965034965034965, 0.1048951048951049, 0.08671328671328671, 0.05454545454545454, 0.05454545454545454, 0.039160839160839164, 0.05874125874125874, 0.1006993006993007, 0.04195804195804196, 0.06153846153846154, 0.11048951048951049, 0.057342657342657345, 0.02937062937062937, 0.1062937062937063, 0.022377622377622378, 0.01818181818181818, 0.033566433566433566, 0.005594405594405594, 0.039160839160839164, 0.04195804195804196, 0.02937062937062937, 0.02937062937062937, 0.022377622377622378, 0.04755244755244755, 0.004195804195804196, 0.012587412587412588, 0.019580419580419582, 0.03636363636363636, 0.039160839160839164, 0.004195804195804196, 0.023776223776223775, 0.033566433566433566, 0.026573426573426574, 0.033566433566433566, 0.027972027972027972, 0.015384615384615385, 0.022377622377622378, 0.044755244755244755, 0.033566433566433566, 0.04195804195804196, 0.015384615384615385, 0.04195804195804196, 0.03636363636363636, 0.032167832167832165, 0.026573426573426574, 0.027972027972027972, 0.057342657342657345, 0.023776223776223775, 0.009790209790209791, 0.04055944055944056, 0.002797202797202797, 0.026573426573426574, 0.005594405594405594, 0.03776223776223776, 0.011188811188811189, 0.032167832167832165, 0.04195804195804196, 0.044755244755244755, 0.04895104895104895, 0.06153846153846154, 0.04055944055944056, 0.04055944055944056, 0.07552447552447553, 0.03636363636363636, 0.05874125874125874, 0.05314685314685315, 0.01818181818181818, 0.05174825174825175, 0.026573426573426574, 0.043356643356643354, 0.04055944055944056, 0.011188811188811189, 0.043356643356643354, 0.015384615384615385, 0.03076923076923077, 0.022377622377622378, 0.022377622377622378, 0.026573426573426574, 0.03636363636363636, 0.015384615384615385, 0.025174825174825177, 0.044755244755244755, 0.03776223776223776, 0.03776223776223776, 0.03076923076923077, 0.044755244755244755, 0.02097902097902098, 0.013986013986013986, 0.03776223776223776, 0.02097902097902098, 0.023776223776223775, 0.013986013986013986, 0.016783216783216783, 0.03776223776223776, 0.03076923076923077, 0.023776223776223775], "wrong": [0.3734265734265734, 0.17482517482517482, 0.13846153846153847, 0.13566433566433567, 0.05174825174825175, 0.07272727272727272, 0.03076923076923077, 0.004195804195804196, 0.016783216783216783, 0.044755244755244755, 0.057342657342657345, 0.022377622377622378, 0.012587412587412588, 0.006993006993006993, 0.002797202797202797, 0.03636363636363636, 0.0013986013986013986, 0.0, 0.0, 0.0013986013986013986, 0.0, 0.013986013986013986, 0.004195804195804196, 0.023776223776223775, 0.006993006993006993, 0.0, 0.005594405594405594, 0.005594405594405594, 0.01818181818181818, 0.0013986013986013986, 0.0013986013986013986, 0.002797202797202797, 0.0013986013986013986, 0.009790209790209791, 0.0, 0.011188811188811189, 0.006993006993006993, 0.01818181818181818, 0.01818181818181818, 0.008391608391608392, 0.005594405594405594, 0.009790209790209791, 0.011188811188811189, 0.0013986013986013986, 0.015384615384615385, 0.009790209790209791, 0.005594405594405594, 0.004195804195804196, 0.002797202797202797, 0.002797202797202797, 0.005594405594405594, 0.004195804195804196, 0.0, 0.0013986013986013986, 0.015384615384615385, 0.0013986013986013986, 0.008391608391608392, 0.002797202797202797, 0.0, 0.002797202797202797, 0.0, 0.0, 0.015384615384615385, 0.0013986013986013986, 0.005594405594405594, 0.0, 0.0013986013986013986, 0.0, 0.033566433566433566, 0.0, 0.009790209790209791, 0.0, 0.005594405594405594, 0.0013986013986013986, 0.011188811188811189, 0.02097902097902098, 0.0013986013986013986, 0.004195804195804196, 0.0, 0.0013986013986013986, 0.004195804195804196, 0.0, 0.006993006993006993, 0.009790209790209791, 0.0013986013986013986, 0.009790209790209791, 0.0, 0.0013986013986013986, 0.005594405594405594, 0.006993006993006993, 0.015384615384615385, 0.0, 0.0, 0.009790209790209791, 0.002797202797202797, 0.004195804195804196, 0.0, 0.005594405594405594, 0.0, 0.0013986013986013986, 0.0013986013986013986]}