{"opt": [0.33706293706293705, 0.6335664335664336, 0.7398601398601399, 0.7916083916083916, 0.8293706293706293, 0.8545454545454545, 0.8811188811188811, 0.848951048951049, 0.9034965034965035, 0.9286713286713286, 0.9412587412587412, 0.9146853146853147, 0.8657342657342657, 0.9552447552447553, 0.9384615384615385, 0.9440559440559441, 0.9272727272727272, 0.9804195804195804, 0.958041958041958, 0.9286713286713286, 0.951048951048951, 0.9636363636363636, 0.9748251748251748, 0.9412587412587412, 0.9636363636363636, 0.9524475524475524, 0.9678321678321679, 0.9944055944055944, 0.9804195804195804, 0.9762237762237762, 0.9608391608391609, 0.9818181818181818, 0.9734265734265735, 0.9608391608391609, 0.9216783216783216, 0.9706293706293706, 0.965034965034965, 0.9818181818181818, 0.9566433566433566, 0.9538461538461539, 0.986013986013986, 0.9706293706293706, 0.9398601398601398, 0.9706293706293706, 0.9552447552447553, 0.9692307692307692, 0.9832167832167832, 0.9622377622377623, 0.9874125874125874, 0.9748251748251748, 0.9692307692307692, 0.9762237762237762, 0.9888111888111888, 0.9664335664335665, 0.972027972027972, 0.9482517482517483, 0.965034965034965, 0.9636363636363636, 0.9818181818181818, 0.9636363636363636, 0.9608391608391609, 0.9496503496503497, 0.9762237762237762, 0.9748251748251748, 0.9664335664335665, 0.9692307692307692, 0.9664335664335665, 0.9692307692307692, 0.9748251748251748, 0.9804195804195804, 0.9790209790209791, 0.9776223776223776, 0.9482517482517483, 0.9790209790209791, 0.958041958041958, 0.9762237762237762, 0.9692307692307692, 0.9552447552447553, 0.9566433566433566, 0.9678321678321679, 0.9622377622377623, 0.9608391608391609, 0.9734265734265735, 0.9594405594405594, 0.9426573426573427, 0.972027972027972, 0.9622377622377623, 0.9440559440559441, 0.9762237762237762, 0.9692307692307692, 0.9426573426573427, 0.9622377622377623, 0.9258741258741259, 0.9468531468531468, 0.9790209790209791, 0.965034965034965, 0.9552447552447553, 0.986013986013986, 0.9426573426573427, 0.9608391608391609, 0.9258741258741259], "subopt": [0.32727272727272727, 0.2055944055944056, 0.16643356643356644, 0.14825174825174825, 0.14965034965034965, 0.1048951048951049, 0.06573426573426573, 0.11748251748251748, 0.07972027972027972, 0.043356643356643354, 0.04055944055944056, 0.07272727272727272, 0.11748251748251748, 0.04055944055944056, 0.05314685314685315, 0.05034965034965035, 0.05034965034965035, 0.016783216783216783, 0.033566433566433566, 0.07132867132867132, 0.033566433566433566, 0.026573426573426574, 0.011188811188811189, 0.055944055944055944, 0.02097902097902098, 0.046153846153846156, 0.02937062937062937, 0.005594405594405594, 0.019580419580419582, 0.022377622377622378, 0.03076923076923077, 0.01818181818181818, 0.02097902097902098, 0.02937062937062937, 0.07272727272727272, 0.012587412587412588, 0.025174825174825177, 0.012587412587412588, 0.032167832167832165, 0.027972027972027972, 0.002797202797202797, 0.015384615384615385, 0.039160839160839164, 0.02097902097902098, 0.02937062937062937, 0.016783216783216783, 0.009790209790209791, 0.03076923076923077, 0.008391608391608392, 0.011188811188811189, 0.011188811188811189, 0.012587412587412588, 0.002797202797202797, 0.022377622377622378, 0.022377622377622378, 0.046153846153846156, 0.03496503496503497, 0.02937062937062937, 0.004195804195804196, 0.022377622377622378, 0.022377622377622378, 0.03636363636363636, 0.015384615384615385, 0.016783216783216783, 0.026573426573426574, 0.023776223776223775, 0.023776223776223775, 0.019580419580419582, 0.011188811188811189, 0.005594405594405594, 0.015384615384615385, 0.008391608391608392, 0.032167832167832165, 0.009790209790209791, 0.025174825174825177, 0.005594405594405594, 0.02097902097902098, 0.022377622377622378, 0.02937062937062937, 0.01818181818181818, 0.032167832167832165, 0.019580419580419582, 0.013986013986013986, 0.027972027972027972, 0.03776223776223776, 0.011188811188811189, 0.026573426573426574, 0.03496503496503497, 0.008391608391608392, 0.02937062937062937, 0.032167832167832165, 0.03076923076923077, 0.06293706293706294, 0.04755244755244755, 0.012587412587412588, 0.022377622377622378, 0.027972027972027972, 0.002797202797202797, 0.046153846153846156, 0.025174825174825177, 0.06013986013986014], "wrong": [0.3356643356643357, 0.16083916083916083, 0.0937062937062937, 0.06013986013986014, 0.02097902097902098, 0.04055944055944056, 0.05314685314685315, 0.033566433566433566, 0.016783216783216783, 0.027972027972027972, 0.01818181818181818, 0.012587412587412588, 0.016783216783216783, 0.004195804195804196, 0.008391608391608392, 0.005594405594405594, 0.022377622377622378, 0.002797202797202797, 0.008391608391608392, 0.0, 0.015384615384615385, 0.009790209790209791, 0.013986013986013986, 0.002797202797202797, 0.015384615384615385, 0.0013986013986013986, 0.002797202797202797, 0.0, 0.0, 0.0013986013986013986, 0.008391608391608392, 0.0, 0.005594405594405594, 0.009790209790209791, 0.005594405594405594, 0.016783216783216783, 0.009790209790209791, 0.005594405594405594, 0.011188811188811189, 0.01818181818181818, 0.011188811188811189, 0.013986013986013986, 0.02097902097902098, 0.008391608391608392, 0.015384615384615385, 0.013986013986013986, 0.006993006993006993, 0.006993006993006993, 0.004195804195804196, 0.013986013986013986, 0.019580419580419582, 0.011188811188811189, 0.008391608391608392, 0.011188811188811189, 0.005594405594405594, 0.005594405594405594, 0.0, 0.006993006993006993, 0.013986013986013986, 0.013986013986013986, 0.016783216783216783, 0.013986013986013986, 0.008391608391608392, 0.008391608391608392, 0.006993006993006993, 0.006993006993006993, 0.009790209790209791, 0.011188811188811189, 0.013986013986013986, 0.013986013986013986, 0.005594405594405594, 0.013986013986013986, 0.019580419580419582, 0.011188811188811189, 0.016783216783216783, 0.01818181818181818, 0.009790209790209791, 0.022377622377622378, 0.013986013986013986, 0.013986013986013986, 0.005594405594405594, 0.019580419580419582, 0.012587412587412588, 0.012587412587412588, 0.019580419580419582, 0.016783216783216783, 0.011188811188811189, 0.02097902097902098, 0.015384615384615385, 0.0013986013986013986, 0.025174825174825177, 0.006993006993006993, 0.011188811188811189, 0.005594405594405594, 0.008391608391608392, 0.012587412587412588, 0.016783216783216783, 0.011188811188811189, 0.011188811188811189, 0.013986013986013986, 0.013986013986013986]}