{"opt": [0.35524475524475524, 0.779020979020979, 0.8615384615384616, 0.8741258741258742, 0.8853146853146853, 0.8587412587412587, 0.8853146853146853, 0.8461538461538461, 0.8979020979020979, 0.8895104895104895, 0.9482517482517483, 0.8811188811188811, 0.9300699300699301, 0.8699300699300699, 0.9538461538461539, 0.9356643356643357, 0.9300699300699301, 0.9468531468531468, 0.9398601398601398, 0.9468531468531468, 0.9202797202797203, 0.9104895104895104, 0.9272727272727272, 0.9020979020979021, 0.9566433566433566, 0.8825174825174825, 0.8195804195804196, "nan"], "subopt": [0.35104895104895106, 0.12867132867132866, 0.08531468531468532, 0.07552447552447553, 0.07132867132867132, 0.0993006993006993, 0.08391608391608392, 0.0937062937062937, 0.06433566433566433, 0.08111888111888112, 0.04195804195804196, 0.1006993006993007, 0.05454545454545454, 0.11468531468531469, 0.046153846153846156, 0.055944055944055944, 0.05454545454545454, 0.032167832167832165, 0.044755244755244755, 0.039160839160839164, 0.06713286713286713, 0.06293706293706294, 0.06433566433566433, 0.08811188811188811, 0.026573426573426574, 0.032167832167832165, 0.12027972027972028, "nan"], "wrong": [0.2937062937062937, 0.09230769230769231, 0.05314685314685315, 0.05034965034965035, 0.043356643356643354, 0.04195804195804196, 0.03076923076923077, 0.06013986013986014, 0.03776223776223776, 0.02937062937062937, 0.009790209790209791, 0.01818181818181818, 0.015384615384615385, 0.015384615384615385, 0.0, 0.008391608391608392, 0.015384615384615385, 0.02097902097902098, 0.015384615384615385, 0.013986013986013986, 0.012587412587412588, 0.026573426573426574, 0.008391608391608392, 0.009790209790209791, 0.016783216783216783, 0.08531468531468532, 0.06013986013986014, "nan"]}