{"opt": [0.2699300699300699, 0.4853146853146853, 0.6895104895104895, 0.8405594405594405, 0.7608391608391608, 0.8293706293706293, 0.8839160839160839, 0.8909090909090909, 0.8391608391608392, 0.8713286713286713, 0.8013986013986014, 0.9384615384615385, 0.9062937062937063, 0.9552447552447553, 0.9216783216783216, 0.8965034965034965, 0.9636363636363636, 0.9020979020979021, 0.9496503496503497, 0.9230769230769231, 0.9412587412587412, 0.9636363636363636, 0.9048951048951049, 0.9566433566433566, 0.951048951048951, 0.9440559440559441, 0.9328671328671329, 0.9398601398601398, 0.9496503496503497, 0.9188811188811189, 0.9594405594405594, 0.9216783216783216, 0.9426573426573427, 0.9258741258741259, 0.9944055944055944, 0.9734265734265735, 0.9202797202797203, 1.0, 0.9734265734265735, 1.0, 0.9888111888111888, 0.9818181818181818, 0.9818181818181818, 0.9916083916083916, 0.9804195804195804, 0.986013986013986, 0.9832167832167832, 0.9636363636363636, 0.965034965034965, 0.9762237762237762, 0.986013986013986, 0.9874125874125874, 0.9734265734265735, 0.9902097902097902, 0.9916083916083916, 0.9888111888111888, 0.9664335664335665, 0.9972027972027973, 0.9944055944055944, 0.9832167832167832, 0.9846153846153847, 0.986013986013986, 0.9874125874125874, 0.9762237762237762, 0.9790209790209791, 0.9678321678321679, 0.965034965034965, 0.9636363636363636, 0.9874125874125874, 0.9692307692307692, 0.9762237762237762, 0.9734265734265735, 0.9832167832167832, 0.9622377622377623, 0.9790209790209791, 0.958041958041958, 0.9538461538461539, 0.9482517482517483, 0.9636363636363636, 0.9776223776223776, 0.9664335664335665, 0.9482517482517483, 0.9608391608391609, 0.9244755244755245, 0.972027972027972, 0.9706293706293706, 0.9594405594405594, 0.9790209790209791, 0.9748251748251748, 0.9958041958041958, 0.9664335664335665, 0.9762237762237762, 0.965034965034965, 0.9748251748251748, 0.965034965034965, 0.9762237762237762, 0.9608391608391609, 0.9902097902097902, 0.9748251748251748, 0.965034965034965, 0.9454545454545454], "subopt": [0.35804195804195804, 0.26853146853146853, 0.16923076923076924, 0.06713286713286713, 0.16223776223776223, 0.1006993006993007, 0.06013986013986014, 0.0937062937062937, 0.12867132867132866, 0.09090909090909091, 0.16503496503496504, 0.025174825174825177, 0.08811188811188811, 0.03076923076923077, 0.06153846153846154, 0.08951048951048951, 0.026573426573426574, 0.08111888111888112, 0.046153846153846156, 0.05314685314685315, 0.05454545454545454, 0.016783216783216783, 0.08391608391608392, 0.03636363636363636, 0.04055944055944056, 0.03496503496503497, 0.04755244755244755, 0.05454545454545454, 0.025174825174825177, 0.05874125874125874, 0.015384615384615385, 0.07272727272727272, 0.057342657342657345, 0.06853146853146853, 0.005594405594405594, 0.023776223776223775, 0.07412587412587412, 0.0, 0.026573426573426574, 0.0, 0.011188811188811189, 0.01818181818181818, 0.01818181818181818, 0.0, 0.019580419580419582, 0.013986013986013986, 0.016783216783216783, 0.03636363636363636, 0.03496503496503497, 0.016783216783216783, 0.013986013986013986, 0.012587412587412588, 0.026573426573426574, 0.009790209790209791, 0.008391608391608392, 0.011188811188811189, 0.03076923076923077, 0.002797202797202797, 0.005594405594405594, 0.013986013986013986, 0.015384615384615385, 0.013986013986013986, 0.012587412587412588, 0.023776223776223775, 0.02097902097902098, 0.015384615384615385, 0.03496503496503497, 0.03636363636363636, 0.012587412587412588, 0.015384615384615385, 0.02097902097902098, 0.013986013986013986, 0.013986013986013986, 0.03496503496503497, 0.02097902097902098, 0.03636363636363636, 0.039160839160839164, 0.043356643356643354, 0.03076923076923077, 0.012587412587412588, 0.026573426573426574, 0.04055944055944056, 0.03076923076923077, 0.06573426573426573, 0.011188811188811189, 0.02097902097902098, 0.025174825174825177, 0.013986013986013986, 0.016783216783216783, 0.0013986013986013986, 0.025174825174825177, 0.012587412587412588, 0.027972027972027972, 0.019580419580419582, 0.023776223776223775, 0.012587412587412588, 0.025174825174825177, 0.002797202797202797, 0.016783216783216783, 0.022377622377622378, 0.027972027972027972], "wrong": [0.37202797202797205, 0.24615384615384617, 0.14125874125874127, 0.09230769230769231, 0.07692307692307693, 0.06993006993006994, 0.055944055944055944, 0.015384615384615385, 0.032167832167832165, 0.03776223776223776, 0.033566433566433566, 0.03636363636363636, 0.005594405594405594, 0.013986013986013986, 0.016783216783216783, 0.013986013986013986, 0.009790209790209791, 0.016783216783216783, 0.004195804195804196, 0.023776223776223775, 0.004195804195804196, 0.019580419580419582, 0.011188811188811189, 0.006993006993006993, 0.008391608391608392, 0.02097902097902098, 0.019580419580419582, 0.005594405594405594, 0.025174825174825177, 0.022377622377622378, 0.025174825174825177, 0.005594405594405594, 0.0, 0.005594405594405594, 0.0, 0.002797202797202797, 0.005594405594405594, 0.0, 0.0, 0.0, 0.0, 0.0, 0.0, 0.008391608391608392, 0.0, 0.0, 0.0, 0.0, 0.0, 0.006993006993006993, 0.0, 0.0, 0.0, 0.0, 0.0, 0.0, 0.002797202797202797, 0.0, 0.0, 0.002797202797202797, 0.0, 0.0, 0.0, 0.0, 0.0, 0.016783216783216783, 0.0, 0.0, 0.0, 0.015384615384615385, 0.002797202797202797, 0.012587412587412588, 0.002797202797202797, 0.002797202797202797, 0.0, 0.005594405594405594, 0.006993006993006993, 0.008391608391608392, 0.005594405594405594, 0.009790209790209791, 0.006993006993006993, 0.011188811188811189, 0.008391608391608392, 0.009790209790209791, 0.016783216783216783, 0.008391608391608392, 0.015384615384615385, 0.006993006993006993, 0.008391608391608392, 0.002797202797202797, 0.008391608391608392, 0.011188811188811189, 0.006993006993006993, 0.005594405594405594, 0.011188811188811189, 0.011188811188811189, 0.013986013986013986, 0.006993006993006993, 0.008391608391608392, 0.012587412587412588, 0.026573426573426574]}