{"loss": [0.010045625269412994, 0.02788969688117504, 0.0037759975530207157, 0.0029009811114519835, 0.002611839212477207, 0.0027466430328786373, 0.0022262108977884054, 0.0010185688734054565, 0.000641105929389596, 0.0006591309211216867, 0.0004919871571473777, 0.0004567544674500823, 0.0017530977493152022, 0.00043366942554712296, 0.0002490116748958826, 0.00034214387414976954, 0.00030201682238839567, 0.00034086007508449256, 0.0011586147593334317, 0.00022197615180630237, 0.0001721042935969308, 0.00020017368660774082, 0.0001734366815071553, 0.00017431062588002533, 0.00018298403301741928, 0.0001358439476462081, 0.00015047962369862944, 0.00015459036512766033, 0.00017027246940415353, 8.721141784917563e-05, 0.00013352016685530543, 0.00010107954585691914, 8.265511132776737e-05, 0.00010596388892736286, 9.828615293372422e-05, 6.750087777618319e-05, 7.07306680851616e-05, 0.00019516520842444152, 5.1290469855302945e-05, 4.985856867278926e-05, 8.255276043200865e-05, 4.49139806733001e-05, 4.509939390118234e-05, 6.284710980253294e-05, 4.5897460950072855e-05, 6.406149623217061e-05, 5.7251949328929186e-05, 4.014290607301518e-05, 3.539305180311203e-05, 3.5021213989239186e-05, 5.6435637816321105e-05, 3.751194890355691e-05, 3.836707037407905e-05, 2.7401776605984196e-05, 3.8842928915983066e-05, 6.950240640435368e-05, 2.472782216500491e-05, 4.362069375929423e-05, 3.475258199614473e-05, 2.487859092070721e-05, 3.118947279290296e-05, 2.8305163141340017e-05, 4.9231122829951346e-05, 4.044219895149581e-05, 2.4726103220018558e-05, 3.611615829868242e-05, 2.4707142074475996e-05, 2.3057915313984267e-05, 2.234399289591238e-05, 2.4454689992126077e-05, 3.194245073245838e-05, 3.056495916098356e-05, 2.2720299966749735e-05, 2.5581815862096846e-05, 4.529412399278954e-05, 2.545488860050682e-05, 2.0537254385999404e-05, 2.1467269107233733e-05, 1.9081015125266276e-05, 2.8404472686816007e-05, 3.8229849451454356e-05, 1.9948069166275673e-05, 1.9491766579449177e-05, 2.0483230400714092e-05, 2.140140531992074e-05, 2.041118568740785e-05, 1.6658999811625108e-05, 2.3628046619705856e-05, 1.8949969671666622e-05, 2.5482047931291163e-05, 2.1317193386494182e-05, 3.913984619430266e-05, 1.351544869976351e-05, 2.6312211048207246e-05, 1.898604750749655e-05, 2.8901908081024885e-05, 2.8985812605242245e-05, 1.690773387963418e-05, 1.7036772987921722e-05, 2.378928729740437e-05, 1.557959330966696e-05], "eloss": [0.0076409694738686085, 0.025819525122642517, 0.0015409825136885047, 0.0012752664042636752, 0.001355459215119481, 0.0015332456678152084, 0.0013045312371104956, 0.000623126165010035, 0.00041745533235371113, 0.0004382726619951427, 0.00031907029915601015, 0.0002780937356874347, 0.001190549461171031, 0.00020412710728123784, 9.544224303681403e-05, 0.00018456119869370013, 0.00015029760834295303, 0.0001965713599929586, 0.000787017575930804, 7.679571717744693e-05, 4.639757389668375e-05, 8.054761565290391e-05, 6.379564001690596e-05, 7.183050911407918e-05, 7.739372085779905e-05, 4.9714170017978176e-05, 6.319504609564319e-05, 7.031045970506966e-05, 7.218739483505487e-05, 2.5009267119457945e-05, 6.152312562335283e-05, 3.5119122912874445e-05, 2.8991495128138922e-05, 4.4446678657550365e-05, 4.486896068556234e-05, 2.2854937924421392e-05, 2.69529627985321e-05, 0.00011347067629685625, 1.4816343536949717e-05, 1.597159462107811e-05, 4.031475691590458e-05, 1.3853896234650165e-05, 1.5582374544464983e-05, 2.6766221708385274e-05, 1.589142448210623e-05, 2.808014687616378e-05, 2.5085964807658456e-05, 1.3321958249434829e-05, 1.208181583933765e-05, 1.006913498713402e-05, 2.4791075702523813e-05, 1.3046582353126723e-05, 1.3594563824881334e-05, 6.904393103468465e-06, 1.5304078260669485e-05, 3.6463505239225924e-05, 5.729592885472812e-06, 1.6020612747524865e-05, 1.1722047929652035e-05, 6.773399491066812e-06, 1.1650504347926471e-05, 8.054223144426942e-06, 2.301943277416285e-05, 1.2835222150897607e-05, 7.290008852578467e-06, 1.3469173609337304e-05, 6.657968242507195e-06, 6.489954103017226e-06, 5.8698160501080565e-06, 6.802808002248639e-06, 1.1741946764232125e-05, 1.0608032425807323e-05, 5.9021313063567504e-06, 8.210743544623256e-06, 2.2427355361287482e-05, 7.4944850894098636e-06, 5.065395271230955e-06, 5.906387741561048e-06, 4.664022526412737e-06, 9.898249118123204e-06, 1.618887108634226e-05, 4.915550107398303e-06, 4.576927040034207e-06, 5.658660484186839e-06, 6.200127700140001e-06, 6.053194283595076e-06, 3.6533554066409124e-06, 7.712124897807371e-06, 5.027763563703047e-06, 7.881432793510612e-06, 6.641902928095078e-06, 1.7302318155998364e-05, 2.218393547082087e-06, 1.0062806722999085e-05, 5.165003130969126e-06, 1.0799654774018563e-05, 1.1546046152943745e-05, 3.942998773709405e-06, 4.791656920133391e-06, 7.722042937530205e-06, 3.2242387533187866e-06], "siamloss": [2.4046554565429688, 2.0701847076416016, 2.2350168228149414, 1.6257153749465942, 1.2563811540603638, 1.2133991718292236, 0.9216796159744263, 0.39544254541397095, 0.2236502766609192, 0.22085817158222198, 0.17291732132434845, 0.17866025865077972, 0.5625481605529785, 0.22954189777374268, 0.15356937050819397, 0.157582625746727, 0.1517193466424942, 0.14428867399692535, 0.37159815430641174, 0.145180344581604, 0.12570667266845703, 0.119625985622406, 0.10964101552963257, 0.10248012095689774, 0.10559049993753433, 0.08612985163927078, 0.08728447556495667, 0.08427989482879639, 0.0980852022767067, 0.06220214441418648, 0.07199714332818985, 0.0659603551030159, 0.05366360396146774, 0.06151726841926575, 0.053417183458805084, 0.04464591667056084, 0.043777745217084885, 0.08169455826282501, 0.03647412359714508, 0.03388696163892746, 0.0422380156815052, 0.031060103327035904, 0.02951701730489731, 0.03608093038201332, 0.03000602126121521, 0.03598139062523842, 0.03216598182916641, 0.02682093344628811, 0.023311231285333633, 0.02495204471051693, 0.031644582748413086, 0.024465342983603477, 0.02477247081696987, 0.020497389137744904, 0.023538868874311447, 0.03303888812661171, 0.018998224288225174, 0.02760007046163082, 0.02303052693605423, 0.01810520887374878, 0.019538989290595055, 0.020250940695405006, 0.02621166966855526, 0.027606993913650513, 0.017436090856790543, 0.022646993398666382, 0.018049176782369614, 0.016567962244153023, 0.01647419109940529, 0.017651857808232307, 0.02020050585269928, 0.019956957548856735, 0.016818158328533173, 0.01737106405198574, 0.022866763174533844, 0.01796042174100876, 0.015471859835088253, 0.015560884959995747, 0.014417003840208054, 0.018506228923797607, 0.02204095385968685, 0.015032513067126274, 0.01491483673453331, 0.01482456736266613, 0.015201292932033539, 0.014357984066009521, 0.013005651533603668, 0.01591593213379383, 0.013922203332185745, 0.017600610852241516, 0.014675282873213291, 0.021837543696165085, 0.011297052726149559, 0.0162493959069252, 0.01382106076925993, 0.018102260306477547, 0.01743977889418602, 0.012964748777449131, 0.012245126068592072, 0.01606723666191101, 0.012355335988104343]}