{"opt": [0.35384615384615387, 0.8699300699300699, 0.9734265734265735, 0.9692307692307692, 0.9454545454545454, 0.9818181818181818, 0.9762237762237762, 0.9818181818181818, 0.9986013986013986, 0.9972027972027973, 0.993006993006993, 0.9888111888111888, 0.9832167832167832, 0.9804195804195804, 0.9832167832167832, 0.9748251748251748, 0.9832167832167832, 0.965034965034965, 0.986013986013986, 0.9734265734265735, 0.9636363636363636, 0.972027972027972, 0.9692307692307692, 0.965034965034965, 0.9664335664335665, 0.9664335664335665, 0.965034965034965, 0.9748251748251748, 0.9664335664335665, 0.9524475524475524, 0.9664335664335665, 0.9468531468531468, 0.9552447552447553, 0.9594405594405594, 0.9468531468531468, 0.9440559440559441, 0.9076923076923077, 0.9524475524475524, 0.9524475524475524, 0.9524475524475524, 0.951048951048951, 0.9468531468531468, 0.9552447552447553, 0.9552447552447553, 0.9538461538461539, 0.9538461538461539, 0.9608391608391609, 0.958041958041958, 0.9566433566433566, 0.9524475524475524, 0.958041958041958, 0.9552447552447553, 0.9566433566433566, 0.9552447552447553, 0.9524475524475524, 0.9538461538461539, 0.9538461538461539, 0.9566433566433566, 0.9566433566433566, 0.9538461538461539, 0.9566433566433566, 0.958041958041958, 0.965034965034965, 0.9552447552447553, 0.9538461538461539, 0.9552447552447553, 0.9552447552447553, 0.9552447552447553, 0.9538461538461539, 0.9552447552447553, 0.9524475524475524, 0.9538461538461539, 0.9552447552447553, 0.9552447552447553, 0.9594405594405594, 0.9538461538461539, 0.9524475524475524, 0.9538461538461539, 0.9538461538461539, 0.9538461538461539, 0.9552447552447553, 0.9538461538461539, 0.9552447552447553, 0.9552447552447553, 0.9524475524475524, 0.9552447552447553, 0.9538461538461539, 0.9538461538461539, 0.9552447552447553, 0.9524475524475524, 0.951048951048951, 0.9524475524475524, 0.9538461538461539, 0.9538461538461539, 0.9538461538461539, 0.958041958041958, 0.958041958041958, 0.9538461538461539, 0.9538461538461539, 0.9538461538461539, 0.9538461538461539], "subopt": [0.34405594405594403, 0.11188811188811189, 0.026573426573426574, 0.03076923076923077, 0.04895104895104895, 0.01818181818181818, 0.023776223776223775, 0.01818181818181818, 0.0013986013986013986, 0.0013986013986013986, 0.005594405594405594, 0.004195804195804196, 0.012587412587412588, 0.008391608391608392, 0.008391608391608392, 0.009790209790209791, 0.011188811188811189, 0.02937062937062937, 0.002797202797202797, 0.009790209790209791, 0.01818181818181818, 0.006993006993006993, 0.008391608391608392, 0.016783216783216783, 0.009790209790209791, 0.008391608391608392, 0.004195804195804196, 0.004195804195804196, 0.002797202797202797, 0.022377622377622378, 0.006993006993006993, 0.015384615384615385, 0.019580419580419582, 0.006993006993006993, 0.013986013986013986, 0.011188811188811189, 0.046153846153846156, 0.006993006993006993, 0.008391608391608392, 0.011188811188811189, 0.012587412587412588, 0.015384615384615385, 0.004195804195804196, 0.004195804195804196, 0.008391608391608392, 0.005594405594405594, 0.005594405594405594, 0.002797202797202797, 0.005594405594405594, 0.011188811188811189, 0.006993006993006993, 0.009790209790209791, 0.005594405594405594, 0.004195804195804196, 0.008391608391608392, 0.008391608391608392, 0.008391608391608392, 0.005594405594405594, 0.006993006993006993, 0.002797202797202797, 0.008391608391608392, 0.002797202797202797, 0.002797202797202797, 0.004195804195804196, 0.004195804195804196, 0.002797202797202797, 0.004195804195804196, 0.004195804195804196, 0.004195804195804196, 0.006993006993006993, 0.011188811188811189, 0.011188811188811189, 0.008391608391608392, 0.005594405594405594, 0.0013986013986013986, 0.005594405594405594, 0.006993006993006993, 0.002797202797202797, 0.011188811188811189, 0.002797202797202797, 0.005594405594405594, 0.004195804195804196, 0.004195804195804196, 0.005594405594405594, 0.009790209790209791, 0.005594405594405594, 0.008391608391608392, 0.004195804195804196, 0.008391608391608392, 0.005594405594405594, 0.006993006993006993, 0.005594405594405594, 0.011188811188811189, 0.002797202797202797, 0.005594405594405594, 0.0, 0.006993006993006993, 0.009790209790209791, 0.004195804195804196, 0.008391608391608392, 0.008391608391608392], "wrong": [0.3020979020979021, 0.01818181818181818, 0.0, 0.0, 0.005594405594405594, 0.0, 0.0, 0.0, 0.0, 0.0013986013986013986, 0.0013986013986013986, 0.006993006993006993, 0.004195804195804196, 0.011188811188811189, 0.008391608391608392, 0.015384615384615385, 0.005594405594405594, 0.005594405594405594, 0.011188811188811189, 0.016783216783216783, 0.01818181818181818, 0.02097902097902098, 0.022377622377622378, 0.01818181818181818, 0.023776223776223775, 0.025174825174825177, 0.03076923076923077, 0.02097902097902098, 0.03076923076923077, 0.025174825174825177, 0.026573426573426574, 0.03776223776223776, 0.025174825174825177, 0.033566433566433566, 0.039160839160839164, 0.044755244755244755, 0.046153846153846156, 0.04055944055944056, 0.039160839160839164, 0.03636363636363636, 0.03636363636363636, 0.03776223776223776, 0.04055944055944056, 0.04055944055944056, 0.03776223776223776, 0.04055944055944056, 0.033566433566433566, 0.039160839160839164, 0.03776223776223776, 0.03636363636363636, 0.03496503496503497, 0.03496503496503497, 0.03776223776223776, 0.04055944055944056, 0.039160839160839164, 0.03776223776223776, 0.03776223776223776, 0.03776223776223776, 0.03636363636363636, 0.043356643356643354, 0.03496503496503497, 0.039160839160839164, 0.032167832167832165, 0.04055944055944056, 0.04195804195804196, 0.04195804195804196, 0.04055944055944056, 0.04055944055944056, 0.04195804195804196, 0.03776223776223776, 0.03636363636363636, 0.03496503496503497, 0.03636363636363636, 0.039160839160839164, 0.039160839160839164, 0.04055944055944056, 0.04055944055944056, 0.043356643356643354, 0.03496503496503497, 0.043356643356643354, 0.039160839160839164, 0.04195804195804196, 0.04055944055944056, 0.039160839160839164, 0.03776223776223776, 0.039160839160839164, 0.03776223776223776, 0.04195804195804196, 0.03636363636363636, 0.04195804195804196, 0.04195804195804196, 0.04195804195804196, 0.03496503496503497, 0.043356643356643354, 0.04055944055944056, 0.04195804195804196, 0.03496503496503497, 0.03636363636363636, 0.04195804195804196, 0.03776223776223776, 0.03776223776223776]}