{"opt": [0.2601398601398601, 0.42657342657342656, 0.6895104895104895, 0.6993006993006993, 0.7664335664335664, 0.8055944055944056, 0.8349650349650349, 0.8531468531468531, 0.8251748251748252, 0.9174825174825175, 0.9692307692307692, 0.9468531468531468, 0.9482517482517483, 0.9468531468531468, 0.9020979020979021, 0.9594405594405594, 0.9006993006993007, 0.9006993006993007, 0.9272727272727272, 0.9496503496503497, 0.9538461538461539, 0.9790209790209791, 0.9776223776223776, 0.9342657342657342, 0.8643356643356643, 0.9342657342657342, 0.9146853146853147, 0.958041958041958, 0.9566433566433566, 0.958041958041958, 0.9734265734265735, 0.9482517482517483, 0.9468531468531468, 0.8895104895104895, 0.9048951048951049, 0.9566433566433566, 0.9328671328671329, 0.9370629370629371, 0.9048951048951049, 0.9090909090909091, 0.9286713286713286, 0.9552447552447553, 0.9706293706293706, 0.9104895104895104, 0.9286713286713286, 0.9370629370629371, 0.9776223776223776, 0.9342657342657342, 0.9454545454545454, 0.9482517482517483, 0.9468531468531468, 0.9748251748251748, 0.993006993006993, 0.9594405594405594, 0.9678321678321679, 0.9062937062937063, 0.9622377622377623, 0.9874125874125874, 0.9972027972027973, 0.9790209790209791, 0.986013986013986, 0.9916083916083916, 0.9762237762237762, 0.986013986013986, 0.9664335664335665, 0.9692307692307692, 0.9818181818181818, 0.958041958041958, 0.9664335664335665, 0.9874125874125874, 0.9972027972027973, 0.9902097902097902, 0.9916083916083916, 0.9846153846153847, 0.9482517482517483, 0.9958041958041958, 0.9874125874125874, 0.9776223776223776, 0.9832167832167832, 0.9832167832167832, 0.9972027972027973, 0.9832167832167832, 0.9776223776223776, 0.9902097902097902, 0.986013986013986, 0.9874125874125874, 0.9790209790209791, 0.9776223776223776, 0.9776223776223776, 0.9608391608391609, 0.986013986013986, 0.986013986013986, 0.9846153846153847, 0.9636363636363636, 0.9790209790209791, 0.9888111888111888, 0.9790209790209791, 0.9804195804195804, 0.9790209790209791, 0.9776223776223776, 0.9636363636363636], "subopt": [0.34825174825174826, 0.2993006993006993, 0.2041958041958042, 0.1874125874125874, 0.13986013986013987, 0.12167832167832168, 0.12027972027972028, 0.1006993006993007, 0.13846153846153847, 0.07972027972027972, 0.03076923076923077, 0.05174825174825175, 0.04895104895104895, 0.04055944055944056, 0.08951048951048951, 0.032167832167832165, 0.08951048951048951, 0.0937062937062937, 0.06153846153846154, 0.046153846153846156, 0.03636363636363636, 0.01818181818181818, 0.022377622377622378, 0.06573426573426573, 0.12867132867132866, 0.06293706293706294, 0.055944055944055944, 0.03776223776223776, 0.03636363636363636, 0.03496503496503497, 0.019580419580419582, 0.043356643356643354, 0.04895104895104895, 0.08951048951048951, 0.07832167832167833, 0.03076923076923077, 0.05454545454545454, 0.057342657342657345, 0.08671328671328671, 0.07972027972027972, 0.05174825174825175, 0.043356643356643354, 0.026573426573426574, 0.06853146853146853, 0.05314685314685315, 0.057342657342657345, 0.019580419580419582, 0.057342657342657345, 0.05174825174825175, 0.04895104895104895, 0.043356643356643354, 0.022377622377622378, 0.005594405594405594, 0.03776223776223776, 0.019580419580419582, 0.05314685314685315, 0.03776223776223776, 0.012587412587412588, 0.002797202797202797, 0.019580419580419582, 0.012587412587412588, 0.008391608391608392, 0.02097902097902098, 0.009790209790209791, 0.03076923076923077, 0.03076923076923077, 0.01818181818181818, 0.033566433566433566, 0.033566433566433566, 0.012587412587412588, 0.002797202797202797, 0.008391608391608392, 0.005594405594405594, 0.015384615384615385, 0.03776223776223776, 0.002797202797202797, 0.012587412587412588, 0.02097902097902098, 0.016783216783216783, 0.016783216783216783, 0.0013986013986013986, 0.016783216783216783, 0.01818181818181818, 0.006993006993006993, 0.013986013986013986, 0.012587412587412588, 0.02097902097902098, 0.01818181818181818, 0.013986013986013986, 0.032167832167832165, 0.013986013986013986, 0.013986013986013986, 0.012587412587412588, 0.026573426573426574, 0.02097902097902098, 0.004195804195804196, 0.015384615384615385, 0.015384615384615385, 0.008391608391608392, 0.013986013986013986, 0.023776223776223775], "wrong": [0.3916083916083916, 0.27412587412587414, 0.1062937062937063, 0.11328671328671329, 0.0937062937062937, 0.07272727272727272, 0.044755244755244755, 0.046153846153846156, 0.03636363636363636, 0.002797202797202797, 0.0, 0.0013986013986013986, 0.002797202797202797, 0.012587412587412588, 0.008391608391608392, 0.008391608391608392, 0.009790209790209791, 0.005594405594405594, 0.011188811188811189, 0.004195804195804196, 0.009790209790209791, 0.002797202797202797, 0.0, 0.0, 0.006993006993006993, 0.002797202797202797, 0.02937062937062937, 0.004195804195804196, 0.006993006993006993, 0.006993006993006993, 0.006993006993006993, 0.008391608391608392, 0.004195804195804196, 0.02097902097902098, 0.016783216783216783, 0.012587412587412588, 0.012587412587412588, 0.005594405594405594, 0.008391608391608392, 0.011188811188811189, 0.019580419580419582, 0.0013986013986013986, 0.002797202797202797, 0.02097902097902098, 0.01818181818181818, 0.005594405594405594, 0.002797202797202797, 0.008391608391608392, 0.002797202797202797, 0.002797202797202797, 0.009790209790209791, 0.002797202797202797, 0.0013986013986013986, 0.002797202797202797, 0.012587412587412588, 0.04055944055944056, 0.0, 0.0, 0.0, 0.0013986013986013986, 0.0013986013986013986, 0.0, 0.002797202797202797, 0.004195804195804196, 0.002797202797202797, 0.0, 0.0, 0.008391608391608392, 0.0, 0.0, 0.0, 0.0013986013986013986, 0.002797202797202797, 0.0, 0.013986013986013986, 0.0013986013986013986, 0.0, 0.0013986013986013986, 0.0, 0.0, 0.0013986013986013986, 0.0, 0.004195804195804196, 0.002797202797202797, 0.0, 0.0, 0.0, 0.004195804195804196, 0.008391608391608392, 0.006993006993006993, 0.0, 0.0, 0.002797202797202797, 0.009790209790209791, 0.0, 0.006993006993006993, 0.005594405594405594, 0.004195804195804196, 0.012587412587412588, 0.008391608391608392, 0.012587412587412588]}