{"loss": [0.004187094513326883, 0.0060056461952626705, 0.00407419865950942, 0.003077141474932432, 0.0022580779623240232, 0.0019442816264927387, 0.0013904619263485074, 0.0009498781873844564, 0.0009324164711870253, 0.0010047367541119456, 0.0008435568888671696, 0.0005071648629382253, 0.0004175316425971687, 0.0005228132358752191, 0.00034427488571964204, 0.000303175620501861, 0.0002587058988865465, 0.0005105047603137791, 0.00029151636408641934, 0.00021178352471906692, 0.00021550580277107656, 0.00016510406567249447, 0.00022132537560537457, 0.00023410737048834562, 0.00014669033407699317, 0.0005581079167313874, 0.00014607029152102768, 0.00012390248593874276, 0.00011272788105998188, 0.00013087761180941015, 0.00015112066466826946, 0.00013056265015620738, 9.902929741656408e-05, 0.00010361459135310724, 0.00011227274808334187, 0.00011239626473980024, 0.0002239277382614091, 9.93568028206937e-05, 9.424274321645498e-05, 9.765570575837046e-05, 9.92262430372648e-05, 9.87824096227996e-05, 8.548232290195301e-05, 8.51680088089779e-05, 8.847084973240271e-05, 0.00010235708759864792, 8.494901703670621e-05, 9.886298357741907e-05, 0.00010451619164086878, 6.819450936745852e-05, 6.639059574808925e-05, 6.45908949081786e-05, 6.966703222133219e-05, 6.992958515184e-05, 7.337846182053909e-05, 6.364136788761243e-05, 6.43818493699655e-05, 6.171279528643936e-05, 6.5461645135656e-05, 6.264996045501903e-05, 6.18480407865718e-05, 5.9753288951469585e-05, 6.931477400939912e-05, 5.943807263975032e-05, 7.6144868216943e-05, 6.230986764421687e-05, 5.327710823621601e-05, 6.2340302974917e-05, 6.388575275195763e-05, 5.838188008056022e-05, 6.598312756977975e-05, 0.00010685188317438588, 7.367829675786197e-05, 5.8184345107292756e-05, 5.583987513091415e-05, 9.174615115625784e-05, 6.28295456408523e-05, 5.799259088234976e-05, 5.2274539484642446e-05, 4.859442196902819e-05, 6.473020039265975e-05, 6.750688044121489e-05, 5.0504902901593596e-05, 4.8150221118703485e-05, 5.2861752919852734e-05, 5.316167153068818e-05, 5.1241422625025734e-05, 4.704868115368299e-05, 4.83193616673816e-05, 4.940777944284491e-05, 5.286363011691719e-05, 6.22010775259696e-05, 5.412947939475998e-05, 5.090602644486353e-05, 4.570132296066731e-05, 4.521912705968134e-05, 4.26725200668443e-05, 4.556659041554667e-05, 4.469271152629517e-05, 4.498512134887278e-05, 4.586128125083633e-05], "eloss": [0.0011738069588318467, 0.004103409592062235, 0.0020478677470237017, 0.0010680927662178874, 0.0011955292429775, 0.001046112971380353, 0.0006130414549261332, 0.00043819626444019377, 0.0005106691969558597, 0.0006265474949032068, 0.0004888807306997478, 0.0002522288996260613, 0.0001969928853213787, 0.00027864272124134004, 0.00015311065362766385, 0.0001348519290331751, 9.983366180676967e-05, 0.000305304944049567, 0.00013254929217509925, 7.79006804805249e-05, 8.856175554683432e-05, 5.2706938731716946e-05, 9.930538362823427e-05, 0.00010693632066249847, 4.9703077820595354e-05, 0.00038300399319268763, 4.5312575821299106e-05, 3.8156522350618616e-05, 3.405013558221981e-05, 5.003438491257839e-05, 6.110721005825326e-05, 4.47741913376376e-05, 2.6633571906131692e-05, 2.8363610908854753e-05, 3.685085539473221e-05, 3.8372778362827376e-05, 0.00012312119361013174, 2.6535750293987803e-05, 2.4139562810887583e-05, 2.974078779516276e-05, 3.07958252960816e-05, 3.0724018870387226e-05, 2.3357684767688625e-05, 2.2978061679168604e-05, 2.9764254577457905e-05, 4.339811493991874e-05, 2.7694328309735283e-05, 3.883679528371431e-05, 4.347686990513466e-05, 1.9684111975948326e-05, 1.9670762412715703e-05, 1.7998076145886444e-05, 2.4024029698921368e-05, 2.1516225388040766e-05, 2.4693717932677828e-05, 1.7399181160726584e-05, 1.7953181668417528e-05, 1.73514290509047e-05, 1.9338049241923727e-05, 1.7959469914785586e-05, 1.786784741852898e-05, 1.713102938083466e-05, 2.2994159735389985e-05, 1.7184464013553225e-05, 2.8988491976633668e-05, 1.8998396626557223e-05, 1.2696301382675301e-05, 1.9350853108335286e-05, 1.9378916476853192e-05, 1.6675368897267617e-05, 2.2367848941939883e-05, 6.0883216065121815e-05, 2.571632830949966e-05, 1.6413681805715896e-05, 1.5219368833641056e-05, 4.113887553103268e-05, 1.9194963897462003e-05, 1.630547922104597e-05, 1.2742012586386409e-05, 1.0914422091445886e-05, 1.9179035007255152e-05, 2.4553532057325356e-05, 1.2463581697375048e-05, 1.0925042261078488e-05, 1.3692470020032488e-05, 1.4109738003753591e-05, 1.1598067430895753e-05, 9.900566510623321e-06, 1.0946051588689443e-05, 1.1820193321909755e-05, 1.5008678929007147e-05, 2.1673282390111126e-05, 1.5947265637805685e-05, 1.4203043974703178e-05, 1.0293780178471934e-05, 9.993034836952575e-06, 8.42039935378125e-06, 9.779117135622073e-06, 9.068245162779931e-06, 1.0177461263083387e-05, 1.1090171028627083e-05], "siamloss": [3.0132863521575928, 1.9022380113601685, 2.0263283252716064, 2.009047269821167, 1.0625475645065308, 0.8981666564941406, 0.7774214148521423, 0.5116824507713318, 0.42174652218818665, 0.37818852066993713, 0.35467562079429626, 0.2549358308315277, 0.22053848206996918, 0.2441706657409668, 0.1911642700433731, 0.16832365095615387, 0.1588721126317978, 0.2051992565393448, 0.1589667946100235, 0.13388296961784363, 0.12694403529167175, 0.11239717155694962, 0.12201989442110062, 0.127171128988266, 0.09698724001646042, 0.17510387301445007, 0.10075779259204865, 0.08574586361646652, 0.07867775112390518, 0.08084316551685333, 0.09001347422599792, 0.08578839898109436, 0.0723957046866417, 0.07525098323822021, 0.07542189210653305, 0.0740235224366188, 0.10080661624670029, 0.07282109558582306, 0.07010314613580704, 0.06791485100984573, 0.06843038648366928, 0.06805837899446487, 0.06212463974952698, 0.06218994781374931, 0.05870657414197922, 0.05895908176898956, 0.057254668325185776, 0.06002623587846756, 0.06103932857513428, 0.04851040244102478, 0.04671981558203697, 0.04659281298518181, 0.04564298689365387, 0.048413295298814774, 0.048684779554605484, 0.04624214395880699, 0.04642868414521217, 0.04436134546995163, 0.046123579144477844, 0.04469054192304611, 0.0439801961183548, 0.04262224957346916, 0.04632066935300827, 0.04225364699959755, 0.04715640842914581, 0.043311476707458496, 0.04058080166578293, 0.04298947751522064, 0.04450681433081627, 0.041706524789333344, 0.04361528530716896, 0.0459686741232872, 0.047961942851543427, 0.04177061840891838, 0.040620528161525726, 0.050607264041900635, 0.0436345674097538, 0.04168711230158806, 0.03953251242637634, 0.03767993301153183, 0.0455511249601841, 0.04295329377055168, 0.038041338324546814, 0.03722519427537918, 0.03916925564408302, 0.039051949977874756, 0.039643362164497375, 0.03714814409613609, 0.03737334534525871, 0.037587616592645645, 0.03785494342446327, 0.04052777215838432, 0.038182225078344345, 0.03670299053192139, 0.035407524555921555, 0.035226043313741684, 0.0342521071434021, 0.03578746318817139, 0.03562450408935547, 0.03480770066380501, 0.034771114587783813]}