{"opt": [0.7636363636363637, 0.8769230769230769, 0.9496503496503497, 0.9874125874125874, 0.965034965034965, 0.9608391608391609, 1.0, 1.0, 1.0, 1.0, 0.9944055944055944, 1.0, 0.9944055944055944, 0.9944055944055944, 1.0, 0.9972027972027973, 0.9972027972027973, 0.9944055944055944, 0.9972027972027973, 1.0, 0.9888111888111888, 0.9832167832167832, 0.9804195804195804, 0.9790209790209791, 0.9636363636363636, 0.9972027972027973, 0.9804195804195804, 0.9678321678321679, 0.9734265734265735, 0.9678321678321679, 0.972027972027972, 0.965034965034965, 0.965034965034965, 0.9692307692307692, 0.9692307692307692, 0.9748251748251748, 0.9804195804195804, 0.9748251748251748, 0.972027972027972, 0.972027972027972, 0.972027972027972, 0.9664335664335665, 0.9748251748251748, 0.9664335664335665, 0.972027972027972, 0.9664335664335665, 0.9692307692307692, 0.9888111888111888, 0.9664335664335665, 0.9608391608391609, 0.9608391608391609, 0.9608391608391609, 0.9608391608391609, 0.9608391608391609, 0.9608391608391609, 0.9608391608391609, 0.9664335664335665, 0.958041958041958, 0.9608391608391609, 0.9608391608391609, 0.9608391608391609, 0.9608391608391609, 0.9608391608391609, 0.9636363636363636, 0.9608391608391609, 0.9636363636363636, 0.9636363636363636, 0.9664335664335665, 0.9608391608391609, 0.9636363636363636, 0.9636363636363636, 0.9692307692307692, 0.9608391608391609, 0.9608391608391609, 0.9608391608391609, 0.9664335664335665, 0.9664335664335665, 0.972027972027972, 0.9636363636363636, 0.9636363636363636, 0.9664335664335665, 0.9636363636363636, 0.9636363636363636, 0.9636363636363636, 0.9636363636363636, 0.9608391608391609, 0.9636363636363636, 0.9636363636363636, 0.9636363636363636, 0.9636363636363636, 0.9664335664335665, 0.9636363636363636, 0.9664335664335665, 0.9664335664335665, 0.9636363636363636, 0.9608391608391609, 0.9636363636363636, 0.9608391608391609, 0.9636363636363636, 0.9608391608391609, 0.9636363636363636], "subopt": [0.15664335664335666, 0.09090909090909091, 0.05034965034965035, 0.009790209790209791, 0.02937062937062937, 0.039160839160839164, 0.0, 0.0, 0.0, 0.0, 0.002797202797202797, 0.0, 0.005594405594405594, 0.0, 0.0, 0.002797202797202797, 0.0, 0.002797202797202797, 0.0, 0.0, 0.005594405594405594, 0.005594405594405594, 0.013986013986013986, 0.015384615384615385, 0.022377622377622378, 0.0, 0.012587412587412588, 0.023776223776223775, 0.01818181818181818, 0.015384615384615385, 0.025174825174825177, 0.015384615384615385, 0.02097902097902098, 0.019580419580419582, 0.016783216783216783, 0.011188811188811189, 0.011188811188811189, 0.016783216783216783, 0.016783216783216783, 0.016783216783216783, 0.011188811188811189, 0.019580419580419582, 0.013986013986013986, 0.022377622377622378, 0.019580419580419582, 0.022377622377622378, 0.022377622377622378, 0.005594405594405594, 0.025174825174825177, 0.027972027972027972, 0.03076923076923077, 0.027972027972027972, 0.027972027972027972, 0.025174825174825177, 0.03076923076923077, 0.025174825174825177, 0.022377622377622378, 0.022377622377622378, 0.025174825174825177, 0.025174825174825177, 0.019580419580419582, 0.025174825174825177, 0.022377622377622378, 0.016783216783216783, 0.03076923076923077, 0.019580419580419582, 0.019580419580419582, 0.022377622377622378, 0.025174825174825177, 0.019580419580419582, 0.022377622377622378, 0.022377622377622378, 0.022377622377622378, 0.022377622377622378, 0.022377622377622378, 0.019580419580419582, 0.016783216783216783, 0.013986013986013986, 0.019580419580419582, 0.019580419580419582, 0.019580419580419582, 0.016783216783216783, 0.019580419580419582, 0.019580419580419582, 0.019580419580419582, 0.025174825174825177, 0.019580419580419582, 0.022377622377622378, 0.022377622377622378, 0.013986013986013986, 0.016783216783216783, 0.019580419580419582, 0.016783216783216783, 0.025174825174825177, 0.019580419580419582, 0.022377622377622378, 0.022377622377622378, 0.022377622377622378, 0.019580419580419582, 0.025174825174825177, 0.013986013986013986], "wrong": [0.07972027972027972, 0.032167832167832165, 0.0, 0.002797202797202797, 0.005594405594405594, 0.0, 0.0, 0.0, 0.0, 0.0, 0.002797202797202797, 0.0, 0.0, 0.005594405594405594, 0.0, 0.0, 0.002797202797202797, 0.002797202797202797, 0.002797202797202797, 0.0, 0.005594405594405594, 0.011188811188811189, 0.005594405594405594, 0.005594405594405594, 0.013986013986013986, 0.002797202797202797, 0.006993006993006993, 0.008391608391608392, 0.008391608391608392, 0.016783216783216783, 0.002797202797202797, 0.019580419580419582, 0.013986013986013986, 0.011188811188811189, 0.013986013986013986, 0.013986013986013986, 0.008391608391608392, 0.008391608391608392, 0.011188811188811189, 0.011188811188811189, 0.016783216783216783, 0.013986013986013986, 0.011188811188811189, 0.011188811188811189, 0.008391608391608392, 0.011188811188811189, 0.008391608391608392, 0.005594405594405594, 0.008391608391608392, 0.011188811188811189, 0.008391608391608392, 0.011188811188811189, 0.011188811188811189, 0.013986013986013986, 0.008391608391608392, 0.013986013986013986, 0.011188811188811189, 0.019580419580419582, 0.013986013986013986, 0.013986013986013986, 0.019580419580419582, 0.013986013986013986, 0.016783216783216783, 0.019580419580419582, 0.008391608391608392, 0.016783216783216783, 0.016783216783216783, 0.011188811188811189, 0.013986013986013986, 0.016783216783216783, 0.013986013986013986, 0.008391608391608392, 0.016783216783216783, 0.016783216783216783, 0.016783216783216783, 0.013986013986013986, 0.016783216783216783, 0.013986013986013986, 0.016783216783216783, 0.016783216783216783, 0.013986013986013986, 0.019580419580419582, 0.016783216783216783, 0.016783216783216783, 0.016783216783216783, 0.013986013986013986, 0.016783216783216783, 0.013986013986013986, 0.013986013986013986, 0.022377622377622378, 0.016783216783216783, 0.016783216783216783, 0.016783216783216783, 0.008391608391608392, 0.016783216783216783, 0.016783216783216783, 0.013986013986013986, 0.016783216783216783, 0.016783216783216783, 0.013986013986013986, 0.022377622377622378]}