{"opt": [0.3132867132867133, 0.5118881118881119, 0.6783216783216783, 0.779020979020979, 0.7832167832167832, 0.7552447552447552, 0.7804195804195804, 0.7916083916083916, 0.9118881118881119, 0.7608391608391608, 0.8391608391608392, 0.8811188811188811, 0.8769230769230769, 0.8293706293706293, 0.8811188811188811, 0.8769230769230769, 0.8475524475524475, 0.9188811188811189, 0.8951048951048951, 0.8531468531468531, 0.8755244755244755, 0.9076923076923077, 0.9104895104895104, 0.8055944055944056, 0.9524475524475524, 0.9034965034965035, 0.8377622377622378, 0.9006993006993007, 0.8741258741258742, 0.8811188811188811, 0.9398601398601398, 0.9118881118881119, 0.9608391608391609, 0.986013986013986, 0.9258741258741259, 0.8853146853146853, 0.9090909090909091, 0.9286713286713286, 0.9230769230769231, 0.9286713286713286, 0.9412587412587412, 0.9734265734265735, 0.9300699300699301, 0.9356643356643357, 0.9230769230769231, 0.951048951048951, 0.9328671328671329, 0.9524475524475524, 0.9342657342657342, 0.9692307692307692, 0.9636363636363636, 0.9608391608391609, 0.951048951048951, 0.986013986013986, 0.9328671328671329, 0.9636363636363636, 0.9496503496503497, 0.951048951048951, 0.958041958041958, 0.9146853146853147, 0.9272727272727272, 0.9440559440559441, 0.9216783216783216, 0.9552447552447553, 0.9454545454545454, 0.9468531468531468, 0.9664335664335665, 0.9146853146853147, 0.9174825174825175, 0.9636363636363636, 0.9538461538461539, 0.9832167832167832, 0.9776223776223776, 0.9678321678321679, 0.9818181818181818, 0.9384615384615385, 0.9594405594405594, 0.9496503496503497, 0.9790209790209791, 0.9790209790209791, 0.9776223776223776, 0.9748251748251748, 0.972027972027972, 0.9692307692307692, 0.9594405594405594, 0.9832167832167832, 0.972027972027972, 0.9692307692307692, 0.9776223776223776, 0.9692307692307692, 0.9818181818181818, 0.9972027972027973, 0.9734265734265735, 0.9832167832167832, 0.9832167832167832, 0.9748251748251748, 0.9916083916083916, 0.9776223776223776, 0.9706293706293706, 0.9776223776223776, 0.9846153846153847], "subopt": [0.3356643356643357, 0.35104895104895106, 0.18461538461538463, 0.15384615384615385, 0.14685314685314685, 0.16503496503496504, 0.10909090909090909, 0.14825174825174825, 0.06433566433566433, 0.1916083916083916, 0.12447552447552447, 0.11608391608391608, 0.07272727272727272, 0.10909090909090909, 0.08111888111888112, 0.1034965034965035, 0.11188811188811189, 0.05034965034965035, 0.07832167832167833, 0.1258741258741259, 0.0979020979020979, 0.08531468531468532, 0.06853146853146853, 0.17062937062937064, 0.03776223776223776, 0.07412587412587412, 0.12027972027972028, 0.08671328671328671, 0.10909090909090909, 0.07972027972027972, 0.057342657342657345, 0.044755244755244755, 0.027972027972027972, 0.013986013986013986, 0.05874125874125874, 0.08951048951048951, 0.08811188811188811, 0.05454545454545454, 0.06433566433566433, 0.02097902097902098, 0.033566433566433566, 0.016783216783216783, 0.04055944055944056, 0.03496503496503497, 0.07412587412587412, 0.039160839160839164, 0.05874125874125874, 0.044755244755244755, 0.05174825174825175, 0.03076923076923077, 0.03076923076923077, 0.03076923076923077, 0.04195804195804196, 0.011188811188811189, 0.05034965034965035, 0.022377622377622378, 0.03076923076923077, 0.026573426573426574, 0.03636363636363636, 0.07272727272727272, 0.05874125874125874, 0.05454545454545454, 0.07552447552447553, 0.027972027972027972, 0.04195804195804196, 0.03636363636363636, 0.03076923076923077, 0.07552447552447553, 0.05874125874125874, 0.023776223776223775, 0.03496503496503497, 0.009790209790209791, 0.002797202797202797, 0.016783216783216783, 0.015384615384615385, 0.04895104895104895, 0.03636363636363636, 0.03636363636363636, 0.02097902097902098, 0.02097902097902098, 0.013986013986013986, 0.02097902097902098, 0.013986013986013986, 0.027972027972027972, 0.02097902097902098, 0.009790209790209791, 0.022377622377622378, 0.015384615384615385, 0.013986013986013986, 0.025174825174825177, 0.012587412587412588, 0.002797202797202797, 0.01818181818181818, 0.012587412587412588, 0.015384615384615385, 0.023776223776223775, 0.008391608391608392, 0.013986013986013986, 0.023776223776223775, 0.016783216783216783, 0.013986013986013986], "wrong": [0.35104895104895106, 0.13706293706293707, 0.13706293706293707, 0.06713286713286713, 0.06993006993006994, 0.07972027972027972, 0.11048951048951049, 0.06013986013986014, 0.023776223776223775, 0.04755244755244755, 0.03636363636363636, 0.002797202797202797, 0.05034965034965035, 0.06153846153846154, 0.03776223776223776, 0.019580419580419582, 0.04055944055944056, 0.03076923076923077, 0.026573426573426574, 0.02097902097902098, 0.026573426573426574, 0.006993006993006993, 0.02097902097902098, 0.023776223776223775, 0.009790209790209791, 0.022377622377622378, 0.04195804195804196, 0.012587412587412588, 0.016783216783216783, 0.039160839160839164, 0.002797202797202797, 0.043356643356643354, 0.011188811188811189, 0.0, 0.015384615384615385, 0.025174825174825177, 0.002797202797202797, 0.016783216783216783, 0.012587412587412588, 0.05034965034965035, 0.025174825174825177, 0.009790209790209791, 0.02937062937062937, 0.02937062937062937, 0.002797202797202797, 0.009790209790209791, 0.008391608391608392, 0.002797202797202797, 0.013986013986013986, 0.0, 0.005594405594405594, 0.008391608391608392, 0.006993006993006993, 0.002797202797202797, 0.016783216783216783, 0.013986013986013986, 0.019580419580419582, 0.022377622377622378, 0.005594405594405594, 0.012587412587412588, 0.013986013986013986, 0.0013986013986013986, 0.002797202797202797, 0.016783216783216783, 0.012587412587412588, 0.016783216783216783, 0.002797202797202797, 0.009790209790209791, 0.023776223776223775, 0.012587412587412588, 0.011188811188811189, 0.006993006993006993, 0.019580419580419582, 0.015384615384615385, 0.002797202797202797, 0.012587412587412588, 0.004195804195804196, 0.013986013986013986, 0.0, 0.0, 0.008391608391608392, 0.004195804195804196, 0.013986013986013986, 0.002797202797202797, 0.019580419580419582, 0.006993006993006993, 0.005594405594405594, 0.015384615384615385, 0.008391608391608392, 0.005594405594405594, 0.005594405594405594, 0.0, 0.008391608391608392, 0.004195804195804196, 0.0013986013986013986, 0.0013986013986013986, 0.0, 0.008391608391608392, 0.005594405594405594, 0.005594405594405594, 0.0013986013986013986]}