{"opt": [0.406993006993007, 0.8741258741258742, 0.8895104895104895, 0.9272727272727272, 0.8783216783216783, 0.9006993006993007, 0.8881118881118881, 0.9258741258741259, 0.9104895104895104, 0.9048951048951049, 0.9188811188811189, 0.8433566433566434, 0.9174825174825175, 0.9118881118881119, 0.8741258741258742, 0.9174825174825175, 0.8909090909090909, 0.9314685314685315, 0.9482517482517483, 0.9006993006993007, 0.8797202797202798, 0.8601398601398601, 0.8685314685314686, 0.827972027972028, 0.848951048951049, 0.8125874125874126, 0.8195804195804196, 0.7888111888111888], "subopt": [0.2951048951048951, 0.06713286713286713, 0.046153846153846156, 0.027972027972027972, 0.06993006993006994, 0.05034965034965035, 0.07552447552447553, 0.03776223776223776, 0.057342657342657345, 0.03636363636363636, 0.033566433566433566, 0.1034965034965035, 0.055944055944055944, 0.055944055944055944, 0.08951048951048951, 0.07552447552447553, 0.06993006993006994, 0.033566433566433566, 0.039160839160839164, 0.08251748251748252, 0.08251748251748252, 0.1062937062937063, 0.10909090909090909, 0.13006993006993006, 0.1006993006993007, 0.11328671328671329, 0.11048951048951049, 0.14825174825174825], "wrong": [0.29790209790209793, 0.05874125874125874, 0.06433566433566433, 0.044755244755244755, 0.05174825174825175, 0.04895104895104895, 0.03636363636363636, 0.03636363636363636, 0.032167832167832165, 0.05874125874125874, 0.04755244755244755, 0.05314685314685315, 0.026573426573426574, 0.032167832167832165, 0.03636363636363636, 0.006993006993006993, 0.039160839160839164, 0.03496503496503497, 0.012587412587412588, 0.016783216783216783, 0.03776223776223776, 0.033566433566433566, 0.022377622377622378, 0.04195804195804196, 0.05034965034965035, 0.07412587412587412, 0.06993006993006994, 0.06293706293706294]}