{"loss": [0.006950405891984701, 0.02006608061492443, 0.0033340658992528915, 0.001972704427316785, 0.0019491533748805523, 0.001067692064680159, 0.0008258727611973882, 0.0009151491103693843, 0.000581896398216486, 0.0005111607606522739, 0.0006152827991172671, 0.0007743413443677127, 0.00024665865930728614, 0.0003429619246162474, 0.0002514212974347174, 0.00027979756123386323, 0.000207712480914779, 0.00017974516958929598, 0.0019706501625478268, 0.0006153897847980261, 0.0003717770741786808, 0.0002179666917072609, 0.0001726176997181028, 0.0001894413580885157, 0.0002478195820003748, 0.0001274042297154665, 0.00012289872393012047, 0.00013204447168391198, 0.00028095574816688895, 0.00017883244436234236, 0.00020154943922534585, 0.00010184027632931247, 8.182786405086517e-05, 8.722941129235551e-05, 8.877364598447457e-05, 9.693817264633253e-05, 7.640853436896577e-05, 6.504084740299731e-05, 0.00016313388186972588, 8.379549399251118e-05, 7.127635035431013e-05, 6.003506132401526e-05, 5.958315887255594e-05, 5.080530536361039e-05, 4.9769187171477824e-05, 5.036928632762283e-05, 7.69899706938304e-05, 7.498553168261424e-05, 3.794165968429297e-05, 4.0722432459006086e-05, 6.765351281501353e-05, 3.827739055850543e-05, 5.179934305488132e-05, 3.0147370125632733e-05, 4.1257193515775725e-05, 5.2515388233587146e-05, 5.787805639556609e-05, 2.862352084775921e-05, 2.7260053684585728e-05, 2.9670170988538302e-05, 4.638433892978355e-05, 2.973315895360429e-05, 3.4957294701598585e-05, 3.210188151570037e-05, 4.846145384362899e-05, 3.1029139790916815e-05, 2.7072443117504008e-05, 2.8312380891293287e-05, 3.2371019187849015e-05, 2.446964572300203e-05, 2.223249430244323e-05, 2.650484566402156e-05, 6.213089363882318e-05, 2.7266620236332528e-05, 2.9286700737429783e-05, 2.487296296749264e-05, 3.1094310543267056e-05, 4.1203744331141934e-05, 2.6212963348370977e-05, 2.3707154468866065e-05, 2.7122814572067e-05, 2.5556462787790224e-05, 2.9622042347909883e-05, 2.7151576432515867e-05, 2.3584027076140046e-05, 2.240384856122546e-05, 2.482011041138321e-05, 2.5768178602447733e-05, 1.9472296116873622e-05, 3.292756446171552e-05, 1.9080071069765836e-05, 1.803087980078999e-05, 1.9859429812640883e-05, 5.2405623137019575e-05, 2.4248842237284407e-05, 1.9035998775507323e-05, 2.0636301997001283e-05, 1.9571829398046248e-05, 2.1358660887926817e-05, 2.017424048972316e-05, 2.8566140827024356e-05], "eloss": [0.004243843723088503, 0.01789241097867489, 0.0012930033262819052, 0.0008210140513256192, 0.0010199465323239565, 0.0006042383029125631, 0.00043067269143648446, 0.0005558632547035813, 0.0003244070685468614, 0.0002818205684889108, 0.00038909970317035913, 0.00039435396320186555, 9.895376570057124e-05, 0.0001738153223413974, 0.00010542771633481607, 0.0001306764461332932, 8.391013398068026e-05, 6.56085685477592e-05, 0.0012790944892913103, 0.00027255169698037207, 0.00017848744755610824, 8.604832692071795e-05, 6.748531450284645e-05, 8.572960359742865e-05, 0.00013088583364151418, 4.132850517635234e-05, 4.4030577555531636e-05, 5.3736832342110574e-05, 0.0001671380887273699, 7.31147374608554e-05, 8.712121052667499e-05, 3.2007883419282734e-05, 2.3560796762467362e-05, 2.9772538255201653e-05, 3.5241224395576864e-05, 3.933766492991708e-05, 3.070972888963297e-05, 2.3162752768257633e-05, 8.921908738557249e-05, 2.8346832550596446e-05, 2.8492238925537094e-05, 2.2529940906679258e-05, 2.1289366486598738e-05, 1.7093576389015652e-05, 1.6909249097807333e-05, 1.7330885384581052e-05, 3.3864056604215875e-05, 3.0164423151290976e-05, 9.102378498937469e-06, 1.2984556633455213e-05, 2.7346302886144258e-05, 1.0098625352839008e-05, 2.144261816283688e-05, 6.795401532144751e-06, 1.4513771020574495e-05, 2.0992194549762644e-05, 2.334792043257039e-05, 6.040988864697283e-06, 5.501982741407119e-06, 7.1684216891299e-06, 1.8041449948213995e-05, 7.112611910997657e-06, 9.91552496998338e-06, 9.787680937733967e-06, 1.8783548512146808e-05, 8.484896170557477e-06, 6.137303898867685e-06, 6.009242497384548e-06, 9.72928410192253e-06, 4.784648353961529e-06, 3.535261839715531e-06, 6.424744242394809e-06, 3.09072966047097e-05, 6.083412699808832e-06, 8.409939255216159e-06, 5.217380021349527e-06, 8.62038359628059e-06, 1.473811971663963e-05, 6.1106320572434925e-06, 5.218390015215846e-06, 6.692929673590697e-06, 7.3326827987330034e-06, 9.002143997349776e-06, 7.4253093771403655e-06, 5.153625806997297e-06, 4.551812253339449e-06, 6.301796020125039e-06, 6.812663741584402e-06, 3.4950703593494836e-06, 1.2163298379164189e-05, 2.9101286145305494e-06, 2.7312930797052104e-06, 3.959979039791506e-06, 2.6958628950524144e-05, 5.859504653926706e-06, 3.471501258900389e-06, 4.273412741895299e-06, 3.7978422824380687e-06, 5.285390216158703e-06, 4.342478405305883e-06, 8.329810043505859e-06], "siamloss": [2.7065606117248535, 2.1736702919006348, 2.041060447692871, 1.1516896486282349, 0.9292086958885193, 0.46345433592796326, 0.3951996862888336, 0.3592856526374817, 0.2574891448020935, 0.22934003174304962, 0.2261831909418106, 0.37998756766319275, 0.14770498871803284, 0.16914667189121246, 0.1459934115409851, 0.14912119507789612, 0.12380235642194748, 0.11413665860891342, 0.6915544271469116, 0.34283825755119324, 0.19328978657722473, 0.13191823661327362, 0.10513240844011307, 0.10371174663305283, 0.11693399399518967, 0.08607558906078339, 0.07886815816164017, 0.07830770313739777, 0.11381763219833374, 0.1057177260518074, 0.11442844569683075, 0.06983228027820587, 0.05826709419488907, 0.05745691806077957, 0.05353248864412308, 0.05760053172707558, 0.045698780566453934, 0.0418781116604805, 0.07391481846570969, 0.05544859915971756, 0.04278411716222763, 0.0375051349401474, 0.03829379007220268, 0.03371170535683632, 0.0328599251806736, 0.033038392663002014, 0.04312589392066002, 0.044821128249168396, 0.02883928455412388, 0.027737872675061226, 0.040307238698005676, 0.028178784996271133, 0.03035672940313816, 0.02335195802152157, 0.02674344927072525, 0.03152323141694069, 0.03453012928366661, 0.022582538425922394, 0.0217580683529377, 0.022501738741993904, 0.02834285981953144, 0.022620555013418198, 0.025041809305548668, 0.02231420949101448, 0.02967788837850094, 0.022544244304299355, 0.02093513309955597, 0.022303123027086258, 0.02264174073934555, 0.019685007631778717, 0.018697228282690048, 0.020080087706446648, 0.031223660334944725, 0.021183213219046593, 0.02087675966322422, 0.01965557038784027, 0.022473929449915886, 0.026465611532330513, 0.020102333277463913, 0.018488749861717224, 0.02042989432811737, 0.018223773688077927, 0.020619915798306465, 0.01972627080976963, 0.018430402502417564, 0.017852047458291054, 0.018518295139074326, 0.018955491483211517, 0.01597721315920353, 0.020764276385307312, 0.0161699540913105, 0.015299568884074688, 0.015899449586868286, 0.025446951389312744, 0.01838933303952217, 0.015564505010843277, 0.016362864524126053, 0.015773991122841835, 0.016073277220129967, 0.01583177223801613, 0.020236339420080185]}