{"opt": [0.31608391608391606, 0.8335664335664336, 0.9762237762237762, 0.9622377622377623, 0.9986013986013986, 0.9944055944055944, 1.0, 1.0, 1.0, 1.0, 0.9636363636363636, 1.0, 1.0, 1.0, 1.0, 1.0, 1.0, 1.0, 0.9986013986013986, 1.0, 1.0, 1.0, 0.9986013986013986, 0.9874125874125874, 0.9902097902097902, 0.9902097902097902, 0.9832167832167832, 0.9888111888111888, 0.993006993006993, 0.9972027972027973, 0.9776223776223776, 0.9804195804195804, 0.9762237762237762, 0.9818181818181818, 0.958041958041958, 0.9524475524475524, 0.9552447552447553, 0.9734265734265735, 0.9958041958041958, 0.9734265734265735, 0.9888111888111888, 0.9706293706293706, 0.9804195804195804, 0.9748251748251748, 0.9874125874125874, 0.9972027972027973, 0.993006993006993, 0.9958041958041958, 0.9986013986013986, 0.993006993006993, 0.9874125874125874, 1.0, 1.0, 1.0, 1.0, 1.0, 1.0, 1.0, 1.0, 1.0, 1.0, 1.0, 1.0, 1.0, 1.0, 1.0, 1.0, 1.0, 1.0, 1.0, 1.0, 1.0, 1.0, 1.0, 1.0, 1.0, 1.0, 1.0, 1.0, 1.0, 1.0, 1.0, 1.0, 1.0, 1.0, 1.0, 1.0, 1.0, 1.0, 1.0, 1.0, 1.0, 1.0, 0.993006993006993, 1.0, 1.0, 1.0, 1.0, 1.0, 1.0, 1.0], "subopt": [0.34825174825174826, 0.11188811188811189, 0.022377622377622378, 0.03776223776223776, 0.0013986013986013986, 0.005594405594405594, 0.0, 0.0, 0.0, 0.0, 0.03496503496503497, 0.0, 0.0, 0.0, 0.0, 0.0, 0.0, 0.0, 0.0013986013986013986, 0.0, 0.0, 0.0, 0.0013986013986013986, 0.008391608391608392, 0.005594405594405594, 0.004195804195804196, 0.005594405594405594, 0.006993006993006993, 0.002797202797202797, 0.0, 0.011188811188811189, 0.005594405594405594, 0.015384615384615385, 0.01818181818181818, 0.04055944055944056, 0.043356643356643354, 0.039160839160839164, 0.015384615384615385, 0.004195804195804196, 0.026573426573426574, 0.006993006993006993, 0.012587412587412588, 0.015384615384615385, 0.022377622377622378, 0.006993006993006993, 0.002797202797202797, 0.006993006993006993, 0.0, 0.0013986013986013986, 0.005594405594405594, 0.012587412587412588, 0.0, 0.0, 0.0, 0.0, 0.0, 0.0, 0.0, 0.0, 0.0, 0.0, 0.0, 0.0, 0.0, 0.0, 0.0, 0.0, 0.0, 0.0, 0.0, 0.0, 0.0, 0.0, 0.0, 0.0, 0.0, 0.0, 0.0, 0.0, 0.0, 0.0, 0.0, 0.0, 0.0, 0.0, 0.0, 0.0, 0.0, 0.0, 0.0, 0.0, 0.0, 0.0, 0.006993006993006993, 0.0, 0.0, 0.0, 0.0, 0.0, 0.0, 0.0], "wrong": [0.3356643356643357, 0.05454545454545454, 0.0013986013986013986, 0.0, 0.0, 0.0, 0.0, 0.0, 0.0, 0.0, 0.0013986013986013986, 0.0, 0.0, 0.0, 0.0, 0.0, 0.0, 0.0, 0.0, 0.0, 0.0, 0.0, 0.0, 0.004195804195804196, 0.004195804195804196, 0.005594405594405594, 0.011188811188811189, 0.004195804195804196, 0.004195804195804196, 0.002797202797202797, 0.011188811188811189, 0.013986013986013986, 0.008391608391608392, 0.0, 0.0013986013986013986, 0.004195804195804196, 0.005594405594405594, 0.011188811188811189, 0.0, 0.0, 0.004195804195804196, 0.016783216783216783, 0.004195804195804196, 0.002797202797202797, 0.005594405594405594, 0.0, 0.0, 0.004195804195804196, 0.0, 0.0013986013986013986, 0.0, 0.0, 0.0, 0.0, 0.0, 0.0, 0.0, 0.0, 0.0, 0.0, 0.0, 0.0, 0.0, 0.0, 0.0, 0.0, 0.0, 0.0, 0.0, 0.0, 0.0, 0.0, 0.0, 0.0, 0.0, 0.0, 0.0, 0.0, 0.0, 0.0, 0.0, 0.0, 0.0, 0.0, 0.0, 0.0, 0.0, 0.0, 0.0, 0.0, 0.0, 0.0, 0.0, 0.0, 0.0, 0.0, 0.0, 0.0, 0.0, 0.0, 0.0]}