{"opt": [0.3062937062937063, 0.4853146853146853, 0.7412587412587412, 0.7188811188811188, 0.6867132867132867, 0.8587412587412587, 0.8195804195804196, 0.862937062937063, 0.8615384615384616, 0.8433566433566434, 0.8223776223776224, 0.8461538461538461, 0.9062937062937063, 0.8195804195804196, 0.8951048951048951, 0.9328671328671329, 0.9636363636363636, 0.9412587412587412, 0.951048951048951, 0.9118881118881119, 0.9314685314685315, 0.9090909090909091, 0.9174825174825175, 0.9384615384615385, 0.965034965034965, 0.8615384615384616, 0.9468531468531468, 0.9342657342657342, 0.9034965034965035, 0.9370629370629371, 0.9244755244755245, 0.9552447552447553, 0.9034965034965035, 0.9468531468531468, 0.9146853146853147, 0.9482517482517483, 0.8699300699300699, 0.9412587412587412, 0.9664335664335665, 0.9608391608391609, 0.916083916083916, 0.9468531468531468, 0.9328671328671329, 0.9594405594405594, 0.9524475524475524, 0.9426573426573427, 0.9594405594405594, 0.916083916083916, 0.9692307692307692, 0.9552447552447553, 0.9678321678321679, 0.9636363636363636, 0.9664335664335665, 0.9706293706293706, 0.9790209790209791, 0.986013986013986, 0.9594405594405594, 0.9734265734265735, 0.9692307692307692, 0.9454545454545454, 0.9552447552447553, 0.9594405594405594, 0.9818181818181818, 0.9608391608391609, 0.9664335664335665, 0.9426573426573427, 0.9286713286713286, 0.9748251748251748, 0.9664335664335665, 0.9678321678321679, 0.9692307692307692, 0.9692307692307692, 0.9706293706293706, 0.9692307692307692, 0.9762237762237762, 0.9468531468531468, 0.9776223776223776, 0.958041958041958, 0.9776223776223776, 0.9636363636363636, 0.9636363636363636, 0.9566433566433566, 0.9664335664335665, 0.9790209790209791, 0.9272727272727272, 0.9664335664335665, 0.9734265734265735, 0.9664335664335665, 0.958041958041958, 0.9594405594405594, 0.9790209790209791, 0.972027972027972, 0.9762237762237762, 0.9734265734265735, 0.9706293706293706, 0.9734265734265735, 0.9734265734265735, 0.9748251748251748, 0.9692307692307692, 0.9804195804195804, 0.9692307692307692], "subopt": [0.3356643356643357, 0.3062937062937063, 0.13006993006993006, 0.15524475524475526, 0.2013986013986014, 0.12727272727272726, 0.12307692307692308, 0.09090909090909091, 0.09090909090909091, 0.12447552447552447, 0.13986013986013987, 0.1020979020979021, 0.07972027972027972, 0.14965034965034965, 0.06713286713286713, 0.057342657342657345, 0.033566433566433566, 0.05454545454545454, 0.04895104895104895, 0.07832167832167833, 0.06713286713286713, 0.08811188811188811, 0.07972027972027972, 0.055944055944055944, 0.032167832167832165, 0.11188811188811189, 0.04895104895104895, 0.06153846153846154, 0.06993006993006994, 0.05874125874125874, 0.06573426573426573, 0.043356643356643354, 0.07132867132867132, 0.03636363636363636, 0.07692307692307693, 0.046153846153846156, 0.1076923076923077, 0.044755244755244755, 0.026573426573426574, 0.026573426573426574, 0.05874125874125874, 0.046153846153846156, 0.05174825174825175, 0.03076923076923077, 0.033566433566433566, 0.04055944055944056, 0.019580419580419582, 0.06713286713286713, 0.022377622377622378, 0.027972027972027972, 0.027972027972027972, 0.026573426573426574, 0.019580419580419582, 0.027972027972027972, 0.016783216783216783, 0.013986013986013986, 0.033566433566433566, 0.02097902097902098, 0.027972027972027972, 0.04195804195804196, 0.03776223776223776, 0.022377622377622378, 0.015384615384615385, 0.033566433566433566, 0.022377622377622378, 0.044755244755244755, 0.05454545454545454, 0.015384615384615385, 0.02097902097902098, 0.009790209790209791, 0.015384615384615385, 0.013986013986013986, 0.026573426573426574, 0.01818181818181818, 0.009790209790209791, 0.03076923076923077, 0.005594405594405594, 0.02937062937062937, 0.011188811188811189, 0.02097902097902098, 0.022377622377622378, 0.02937062937062937, 0.013986013986013986, 0.004195804195804196, 0.04755244755244755, 0.019580419580419582, 0.011188811188811189, 0.012587412587412588, 0.027972027972027972, 0.025174825174825177, 0.009790209790209791, 0.011188811188811189, 0.015384615384615385, 0.012587412587412588, 0.023776223776223775, 0.009790209790209791, 0.009790209790209791, 0.011188811188811189, 0.016783216783216783, 0.005594405594405594, 0.011188811188811189], "wrong": [0.35804195804195804, 0.2083916083916084, 0.12867132867132866, 0.1258741258741259, 0.11188811188811189, 0.013986013986013986, 0.057342657342657345, 0.046153846153846156, 0.04755244755244755, 0.032167832167832165, 0.03776223776223776, 0.05174825174825175, 0.013986013986013986, 0.03076923076923077, 0.03776223776223776, 0.009790209790209791, 0.002797202797202797, 0.004195804195804196, 0.0, 0.009790209790209791, 0.0013986013986013986, 0.002797202797202797, 0.002797202797202797, 0.005594405594405594, 0.002797202797202797, 0.026573426573426574, 0.004195804195804196, 0.004195804195804196, 0.026573426573426574, 0.004195804195804196, 0.009790209790209791, 0.0013986013986013986, 0.025174825174825177, 0.016783216783216783, 0.008391608391608392, 0.005594405594405594, 0.022377622377622378, 0.013986013986013986, 0.006993006993006993, 0.012587412587412588, 0.025174825174825177, 0.006993006993006993, 0.015384615384615385, 0.009790209790209791, 0.013986013986013986, 0.016783216783216783, 0.02097902097902098, 0.016783216783216783, 0.008391608391608392, 0.016783216783216783, 0.004195804195804196, 0.009790209790209791, 0.013986013986013986, 0.0013986013986013986, 0.004195804195804196, 0.0, 0.006993006993006993, 0.005594405594405594, 0.002797202797202797, 0.012587412587412588, 0.006993006993006993, 0.01818181818181818, 0.002797202797202797, 0.005594405594405594, 0.011188811188811189, 0.012587412587412588, 0.016783216783216783, 0.009790209790209791, 0.012587412587412588, 0.022377622377622378, 0.015384615384615385, 0.016783216783216783, 0.002797202797202797, 0.012587412587412588, 0.013986013986013986, 0.022377622377622378, 0.016783216783216783, 0.012587412587412588, 0.011188811188811189, 0.015384615384615385, 0.013986013986013986, 0.013986013986013986, 0.019580419580419582, 0.016783216783216783, 0.025174825174825177, 0.013986013986013986, 0.015384615384615385, 0.02097902097902098, 0.013986013986013986, 0.015384615384615385, 0.011188811188811189, 0.016783216783216783, 0.008391608391608392, 0.013986013986013986, 0.005594405594405594, 0.016783216783216783, 0.016783216783216783, 0.013986013986013986, 0.013986013986013986, 0.013986013986013986, 0.019580419580419582]}