{"opt": [0.2993006993006993, 0.7006993006993008, 0.7804195804195804, 0.7748251748251749, 0.8321678321678322, 0.8, 0.8335664335664336, 0.8167832167832167, 0.8783216783216783, 0.9328671328671329, 0.8825174825174825, 0.8825174825174825, 0.9202797202797203, 0.9384615384615385, 0.9202797202797203, 0.9496503496503497, 0.9174825174825175, 0.9244755244755245, 0.9356643356643357, 0.9328671328671329, 0.9076923076923077, 0.8895104895104895, 0.9440559440559441, 0.9594405594405594, 0.9286713286713286, 0.9384615384615385, 0.9090909090909091, 0.9636363636363636, 0.9370629370629371, 0.9244755244755245, 0.9594405594405594, 0.9748251748251748, 0.9818181818181818, 0.9874125874125874, 0.9468531468531468, 0.9314685314685315, 0.9454545454545454, 0.9440559440559441, 0.9706293706293706, 0.9538461538461539, 0.9706293706293706, 0.9272727272727272, 0.9692307692307692, 0.9762237762237762, 0.9636363636363636, 0.9230769230769231, 0.9762237762237762, 0.9272727272727272, 0.9482517482517483, 0.965034965034965, 0.9286713286713286, 0.9804195804195804, 0.9496503496503497, 0.9692307692307692, 0.9902097902097902, 0.9286713286713286, 0.9706293706293706, 0.9384615384615385, 0.9328671328671329, 0.9440559440559441, 0.9426573426573427, 0.9440559440559441, 0.9874125874125874, 0.9006993006993007, 0.9678321678321679, 0.9342657342657342, 0.9846153846153847, 0.9790209790209791, 0.9776223776223776, 0.9692307692307692, 0.9552447552447553, 0.9300699300699301, 0.9440559440559441, 0.9272727272727272, 0.986013986013986, 0.9454545454545454, 0.965034965034965, 0.9972027972027973, 0.9664335664335665, 0.9762237762237762, 0.9384615384615385, 0.9776223776223776, 0.9692307692307692, 0.9496503496503497, 0.9776223776223776, 0.9622377622377623, 0.9748251748251748, 0.9804195804195804, 0.9874125874125874, 0.9916083916083916, 0.965034965034965, 0.951048951048951, 0.9678321678321679, 0.9384615384615385, 0.9636363636363636, 0.9678321678321679, 0.9370629370629371, 0.9552447552447553, 0.9762237762237762, 0.9636363636363636, 0.951048951048951], "subopt": [0.3062937062937063, 0.18041958041958042, 0.14965034965034965, 0.14965034965034965, 0.13706293706293707, 0.16223776223776223, 0.14685314685314685, 0.0979020979020979, 0.0965034965034965, 0.03496503496503497, 0.07272727272727272, 0.07272727272727272, 0.05174825174825175, 0.055944055944055944, 0.044755244755244755, 0.03076923076923077, 0.044755244755244755, 0.05454545454545454, 0.055944055944055944, 0.06013986013986014, 0.08391608391608392, 0.0993006993006993, 0.03776223776223776, 0.03636363636363636, 0.055944055944055944, 0.05174825174825175, 0.07972027972027972, 0.033566433566433566, 0.04755244755244755, 0.06433566433566433, 0.03076923076923077, 0.025174825174825177, 0.009790209790209791, 0.011188811188811189, 0.04895104895104895, 0.06013986013986014, 0.04755244755244755, 0.055944055944055944, 0.02937062937062937, 0.046153846153846156, 0.026573426573426574, 0.06853146853146853, 0.022377622377622378, 0.01818181818181818, 0.033566433566433566, 0.06433566433566433, 0.023776223776223775, 0.055944055944055944, 0.04755244755244755, 0.03076923076923077, 0.05874125874125874, 0.013986013986013986, 0.043356643356643354, 0.027972027972027972, 0.006993006993006993, 0.05874125874125874, 0.02937062937062937, 0.05314685314685315, 0.05314685314685315, 0.043356643356643354, 0.04195804195804196, 0.05454545454545454, 0.012587412587412588, 0.06713286713286713, 0.026573426573426574, 0.05874125874125874, 0.012587412587412588, 0.011188811188811189, 0.015384615384615385, 0.025174825174825177, 0.03776223776223776, 0.06013986013986014, 0.03636363636363636, 0.05174825174825175, 0.009790209790209791, 0.03636363636363636, 0.026573426573426574, 0.0013986013986013986, 0.033566433566433566, 0.019580419580419582, 0.05174825174825175, 0.012587412587412588, 0.019580419580419582, 0.04895104895104895, 0.02097902097902098, 0.032167832167832165, 0.025174825174825177, 0.015384615384615385, 0.012587412587412588, 0.008391608391608392, 0.033566433566433566, 0.043356643356643354, 0.026573426573426574, 0.039160839160839164, 0.02937062937062937, 0.02937062937062937, 0.03776223776223776, 0.032167832167832165, 0.016783216783216783, 0.033566433566433566, 0.046153846153846156], "wrong": [0.3944055944055944, 0.11888111888111888, 0.06993006993006994, 0.07552447552447553, 0.03076923076923077, 0.03776223776223776, 0.019580419580419582, 0.08531468531468532, 0.025174825174825177, 0.032167832167832165, 0.044755244755244755, 0.044755244755244755, 0.027972027972027972, 0.005594405594405594, 0.03496503496503497, 0.019580419580419582, 0.03776223776223776, 0.02097902097902098, 0.008391608391608392, 0.006993006993006993, 0.008391608391608392, 0.011188811188811189, 0.01818181818181818, 0.004195804195804196, 0.015384615384615385, 0.009790209790209791, 0.011188811188811189, 0.002797202797202797, 0.015384615384615385, 0.011188811188811189, 0.009790209790209791, 0.0, 0.008391608391608392, 0.0013986013986013986, 0.004195804195804196, 0.008391608391608392, 0.006993006993006993, 0.0, 0.0, 0.0, 0.002797202797202797, 0.004195804195804196, 0.008391608391608392, 0.005594405594405594, 0.002797202797202797, 0.012587412587412588, 0.0, 0.016783216783216783, 0.004195804195804196, 0.004195804195804196, 0.012587412587412588, 0.005594405594405594, 0.006993006993006993, 0.002797202797202797, 0.002797202797202797, 0.012587412587412588, 0.0, 0.008391608391608392, 0.013986013986013986, 0.012587412587412588, 0.015384615384615385, 0.0013986013986013986, 0.0, 0.032167832167832165, 0.005594405594405594, 0.006993006993006993, 0.002797202797202797, 0.009790209790209791, 0.006993006993006993, 0.005594405594405594, 0.006993006993006993, 0.009790209790209791, 0.019580419580419582, 0.02097902097902098, 0.004195804195804196, 0.01818181818181818, 0.008391608391608392, 0.0013986013986013986, 0.0, 0.004195804195804196, 0.009790209790209791, 0.009790209790209791, 0.011188811188811189, 0.0013986013986013986, 0.0013986013986013986, 0.005594405594405594, 0.0, 0.004195804195804196, 0.0, 0.0, 0.0013986013986013986, 0.005594405594405594, 0.005594405594405594, 0.022377622377622378, 0.006993006993006993, 0.002797202797202797, 0.025174825174825177, 0.012587412587412588, 0.006993006993006993, 0.002797202797202797, 0.002797202797202797]}