{"opt": [0.3986013986013986, 0.4797202797202797, 0.7174825174825175, 0.7594405594405594, 0.8027972027972028, 0.8349650349650349, 0.8741258741258742, 0.8167832167832167, 0.9146853146853147, 0.8909090909090909, 0.9146853146853147, 0.916083916083916, 0.9244755244755245, 0.9048951048951049, 0.8993006993006993, 0.9538461538461539, 0.9832167832167832, 0.9370629370629371, 0.9678321678321679, 0.972027972027972, 0.9552447552447553, 0.972027972027972, 0.9608391608391609, 0.9874125874125874, 0.9398601398601398, 0.9524475524475524, 0.9734265734265735, 0.986013986013986, 0.9762237762237762, 0.9706293706293706, 0.965034965034965, 0.9818181818181818, 0.9874125874125874, 0.9832167832167832, 0.9748251748251748, 0.986013986013986, 0.9818181818181818, 0.986013986013986, 0.9958041958041958, 0.972027972027972, 0.9902097902097902, 0.9972027972027973, 0.9636363636363636, 0.9818181818181818, 0.9832167832167832, 0.9776223776223776, 0.993006993006993, 0.993006993006993, 0.9888111888111888, 0.9874125874125874, 0.9832167832167832, 0.9748251748251748, 0.9804195804195804, 0.9944055944055944, 0.9874125874125874, 0.9916083916083916, 0.9986013986013986, 0.9944055944055944, 0.9916083916083916, 0.9874125874125874, 0.9846153846153847, 0.9958041958041958, 0.9874125874125874, 0.965034965034965, 0.9902097902097902, 0.9916083916083916, 0.9916083916083916, 0.9972027972027973, 0.986013986013986, 0.9944055944055944, 1.0, 0.9538461538461539, 0.9958041958041958, 0.9706293706293706, 0.9846153846153847, 0.9804195804195804, 0.9944055944055944, 0.9902097902097902, 0.9916083916083916, 0.9888111888111888, 0.9972027972027973, 0.993006993006993, 0.9972027972027973, 0.9958041958041958, 0.993006993006993, 0.9986013986013986, 0.9916083916083916, 0.9944055944055944, 0.9874125874125874, 0.9888111888111888, 0.9916083916083916, 0.986013986013986, 0.9902097902097902, 0.9916083916083916, 0.9944055944055944, 0.9972027972027973, 0.9916083916083916, 0.9762237762237762, 0.9832167832167832, 0.9916083916083916, 0.9832167832167832], "subopt": [0.3118881118881119, 0.3328671328671329, 0.17762237762237762, 0.17342657342657342, 0.15104895104895105, 0.11328671328671329, 0.0965034965034965, 0.14125874125874127, 0.07412587412587412, 0.08671328671328671, 0.07412587412587412, 0.06993006993006994, 0.06853146853146853, 0.06013986013986014, 0.08811188811188811, 0.043356643356643354, 0.008391608391608392, 0.027972027972027972, 0.026573426573426574, 0.022377622377622378, 0.04055944055944056, 0.027972027972027972, 0.039160839160839164, 0.011188811188811189, 0.05454545454545454, 0.04755244755244755, 0.022377622377622378, 0.013986013986013986, 0.01818181818181818, 0.023776223776223775, 0.03496503496503497, 0.01818181818181818, 0.009790209790209791, 0.015384615384615385, 0.02097902097902098, 0.013986013986013986, 0.01818181818181818, 0.013986013986013986, 0.0013986013986013986, 0.022377622377622378, 0.009790209790209791, 0.002797202797202797, 0.022377622377622378, 0.01818181818181818, 0.016783216783216783, 0.01818181818181818, 0.0, 0.006993006993006993, 0.008391608391608392, 0.004195804195804196, 0.015384615384615385, 0.02097902097902098, 0.019580419580419582, 0.002797202797202797, 0.012587412587412588, 0.008391608391608392, 0.0013986013986013986, 0.004195804195804196, 0.008391608391608392, 0.006993006993006993, 0.004195804195804196, 0.004195804195804196, 0.012587412587412588, 0.02097902097902098, 0.009790209790209791, 0.008391608391608392, 0.008391608391608392, 0.002797202797202797, 0.013986013986013986, 0.005594405594405594, 0.0, 0.044755244755244755, 0.002797202797202797, 0.02937062937062937, 0.012587412587412588, 0.019580419580419582, 0.005594405594405594, 0.009790209790209791, 0.008391608391608392, 0.008391608391608392, 0.002797202797202797, 0.006993006993006993, 0.002797202797202797, 0.004195804195804196, 0.005594405594405594, 0.0013986013986013986, 0.006993006993006993, 0.005594405594405594, 0.005594405594405594, 0.008391608391608392, 0.002797202797202797, 0.008391608391608392, 0.009790209790209791, 0.005594405594405594, 0.005594405594405594, 0.002797202797202797, 0.008391608391608392, 0.013986013986013986, 0.004195804195804196, 0.006993006993006993, 0.006993006993006993], "wrong": [0.2895104895104895, 0.1874125874125874, 0.1048951048951049, 0.06713286713286713, 0.046153846153846156, 0.05174825174825175, 0.02937062937062937, 0.04195804195804196, 0.011188811188811189, 0.022377622377622378, 0.011188811188811189, 0.013986013986013986, 0.006993006993006993, 0.03496503496503497, 0.012587412587412588, 0.002797202797202797, 0.008391608391608392, 0.03496503496503497, 0.005594405594405594, 0.005594405594405594, 0.004195804195804196, 0.0, 0.0, 0.0013986013986013986, 0.005594405594405594, 0.0, 0.004195804195804196, 0.0, 0.005594405594405594, 0.005594405594405594, 0.0, 0.0, 0.002797202797202797, 0.0013986013986013986, 0.004195804195804196, 0.0, 0.0, 0.0, 0.002797202797202797, 0.005594405594405594, 0.0, 0.0, 0.013986013986013986, 0.0, 0.0, 0.004195804195804196, 0.006993006993006993, 0.0, 0.002797202797202797, 0.008391608391608392, 0.0013986013986013986, 0.004195804195804196, 0.0, 0.002797202797202797, 0.0, 0.0, 0.0, 0.0013986013986013986, 0.0, 0.005594405594405594, 0.011188811188811189, 0.0, 0.0, 0.013986013986013986, 0.0, 0.0, 0.0, 0.0, 0.0, 0.0, 0.0, 0.0013986013986013986, 0.0013986013986013986, 0.0, 0.002797202797202797, 0.0, 0.0, 0.0, 0.0, 0.002797202797202797, 0.0, 0.0, 0.0, 0.0, 0.0013986013986013986, 0.0, 0.0013986013986013986, 0.0, 0.006993006993006993, 0.002797202797202797, 0.005594405594405594, 0.005594405594405594, 0.0, 0.002797202797202797, 0.0, 0.0, 0.0, 0.009790209790209791, 0.012587412587412588, 0.0013986013986013986, 0.009790209790209791]}