{"opt": [0.35384615384615387, 0.9076923076923077, 0.9300699300699301, 0.9272727272727272, 0.9818181818181818, 0.9146853146853147, 0.9090909090909091, 0.8909090909090909, 0.9384615384615385, 0.8797202797202798, 0.9370629370629371, 0.9314685314685315, 0.9370629370629371, 0.9412587412587412, 0.9370629370629371, 0.9020979020979021, 0.9398601398601398, 0.9272727272727272, 0.9006993006993007, 0.9300699300699301, 0.9314685314685315, 0.9454545454545454, 0.9188811188811189, 0.9398601398601398, 0.9412587412587412, 0.8839160839160839, 0.8769230769230769, 0.8839160839160839, 0.8433566433566434], "subopt": [0.2867132867132867, 0.07832167832167833, 0.039160839160839164, 0.07132867132867132, 0.012587412587412588, 0.06573426573426573, 0.07552447552447553, 0.07552447552447553, 0.04895104895104895, 0.0937062937062937, 0.05874125874125874, 0.039160839160839164, 0.019580419580419582, 0.027972027972027972, 0.04755244755244755, 0.033566433566433566, 0.02097902097902098, 0.019580419580419582, 0.03636363636363636, 0.022377622377622378, 0.03076923076923077, 0.03636363636363636, 0.05174825174825175, 0.027972027972027972, 0.032167832167832165, 0.0937062937062937, 0.07692307692307693, 0.08671328671328671, 0.07132867132867132], "wrong": [0.3594405594405594, 0.013986013986013986, 0.03076923076923077, 0.0013986013986013986, 0.005594405594405594, 0.019580419580419582, 0.015384615384615385, 0.033566433566433566, 0.012587412587412588, 0.026573426573426574, 0.004195804195804196, 0.02937062937062937, 0.043356643356643354, 0.03076923076923077, 0.015384615384615385, 0.06433566433566433, 0.039160839160839164, 0.05314685314685315, 0.06293706293706294, 0.04755244755244755, 0.03776223776223776, 0.01818181818181818, 0.02937062937062937, 0.032167832167832165, 0.026573426573426574, 0.022377622377622378, 0.046153846153846156, 0.02937062937062937, 0.08531468531468532]}